name,rating,price,reviews,Manufacturer,ASIN
GODS Ghost 25 Litre Anti-Theft 15.6 Inch Laptop Backpack (Black),4.5 out of 5 stars,"3,649","8,211","‎RoadGodsAutogearPvt.Ltd,RoadGodsAutogearPvt.Ltd,A-block,Sector-2,Noida,UttarPradesh-201301,Phone-011-422-49888&Email-Support@roadgods.com",‎B077XJ4D6W
Cosmus Tuxer 38L Large Laptop Backpack With 3 Compartments,4.2 out of 5 stars,"1,800",141,"‎COSMUSBAGSPVT.LTD.,359,GroundFloorAbubakarChawlDharaviMainRoad,BagichaCompound,DharaviMumbai,400017Mobile",‎B09HCJKKF4
American Tourister Casual Backpack,4.1 out of 5 stars,"1,499","43,319",‎Samsonite,‎B07CJCGM1M
Half Moon 35 L Casual Waterproof Laptop Bag/Backpack for Men Women Boys Girls/Office School College Teens & Students with Rain Cover (18 Inch) (Navy),3.9 out of 5 stars,799,"11,472",‎AmazingBags,‎B085MHDJ93
"TRUE HUMAN Emperor Anti-Theft backpack With USB charging Port and anti -theft back pocket Laptop bag , office bag , college bag ( LEGEND )",3.8 out of 5 stars,699,542,‎B09QJ7ZF2Y
Martucci 15.6 inch 30 L Casual Waterproof Laptop Backpack/Office Bag/School Bag/College Bag/Business Bag/Unisex Travel Backpack(Black),4.1 out of 5 stars,568,"4,396",‎Martucci,‎B088B4P6ZW
Northzone Laptop Bag/College Bag/School Bag/Office Bag/Waterproof Bag/Travel Bag/Casual Backpack/Trending Backpack,4.1 out of 5 stars,664,"4,670","‎Northzone,Plotno35to40KH.No.28/2GroundFloorAgarNagarPremNagarPhase3Delhi110086",‎B08678P2T7
Wooum 15.6 inch Laptop Bag Backpack Fashion Rucksack Casual Student School Bag Computer Bag College Bag Office Bag Business Bag Unisex Travel Backpack,4.0 out of 5 stars,468,"1,505",‎wooum,‎B08R7J19R8
Wesley Milestone 15.6 inch 25 L Casual Waterproof Laptop Backpack/Office Bag/School Bag/College Bag/Business Bag/Unisex Travel Backpack,4.3 out of 5 stars,498,"10,706"
Safari Seek 45 Ltrs Overnighter Expandable Travel Laptop Backpack,4.5 out of 5 stars,"2,399","3,934","‎SafariIndustries(India)Ltd,SafariIndustriesLtd301/302,A-Wing,TheQube,M.V.Road,Marol,Andheri(East),NearinternationalAirportMumbai-400059+91-22-40381851/838",‎B07BZ5VC4H
"Safari Seek 32 Ltrs Overnighter Travel Laptop Backpack (Black), Water Resistant Spacious Bag pack for Travelling and Camping, All-Purpose Bag for Business & Leisure",4.3 out of 5 stars,"3,022",5,"‎Safari,SafariIndustriesLtd301/302,A-Wing,TheQube,M.V.Road,Marol,Andheri(East),NearinternationalAirportMumbai-400059+91-22-40381851/838",‎B097JMR4M6
"Mi Step Out 12 L Mini Backpack (Small Size, Black, Water Repellant)",4.1 out of 5 stars,349,"3,365"
TRUE HUMAN Anti-Theft and USB Charging Port Backpack with Combination Lock Laptop Bag (Grey),3.8 out of 5 stars,695,924,‎1,‎B09H7PK5ML
"POLESTAR Noble 32 L College/ School/ Office/ Casual/ Travel Backpack with 15.6"" laptop compartment, made with polyester, 1 year warranty",4.0 out of 5 stars,680,"15,799","‎POLESTAR,JAIAMBAYENTERPRISES,03AAFFJ0421M1ZQ,B-29,Sports&Surgicalcomplex,KapurthalaRoad,JalandharPunjab140021India.+919914112308,polestarbags@gmail.com",‎B07PQQ8M7B
Lenovo Casual Laptop Backpack B210 15.6-inch(39.6cm) Water Repellent Black,4.2 out of 5 stars,789,"43,864"
"Fur Jaden 15.6 Inch Laptop Backpack 25 LTR Bag for School, College and Office with USB Charging Port",3.9 out of 5 stars,749,"8,725","‎FurJaden,FurJaden3-C,JaiHindBld,DrAMRoad,Bhuleshwar,Mumbai400002,8080888028",‎B07J46KLFP
DEIN KLEIDER Men's Nylon Messenger Bag,4.0 out of 5 stars,305,"3,006",‎B084ZHP97M
Half Moon Large 37L Laptop Bag Backpack for menं Women Boys and Girls Luggage Travel Bags with 17.3 inches Laptop Compartment & Rain Cover,3.9 out of 5 stars,999,580,‎AmazingBags,‎B09VCLZ3K4
ADISA Light Weight Laptop Backpack 32 Ltrs,4.0 out of 5 stars,529,"4,902","‎ADISA,careadisa@gmail.com",‎B07F3X45WZ
"Safari Seek 32 Ltrs Overnighter Travel Laptop Backpack (Black), Water Resistant Spacious Bag pack for Travelling and Camping, All-Purpose Bag for Business & Leisure",3.5 out of 5 stars,"3,022",2,"‎Safari,SafariIndustriesLtd301/302,A-Wing,TheQube,M.V.Road,Marol,Andheri(East),NearinternationalAirportMumbai-400059+91-22-40381851/838",‎B097JM98M1
"Safari Crew Overnighter Backpack, 40 Ltr Water Resistant Travel Laptop Bag, Black Polyester Bagpack for Men and Women, Spacious Shoulder Bag for Travelling and Camping",1.6 out of 5 stars,"3,184",3,"‎Safari,SafariIndustriesLtd301/302,A-Wing,TheQube,M.V.Road,Marol,Andheri(East),NearinternationalAirportMumbai-400059+91-22-40381851/838",‎B097JK3X9D
HEROZ Hammer Unisex Nylon 45 L Travel Laptop Backpack Water Resistant Slim Durable Fits Up to 17.3 Inch Laptop Notebook (All) (Grey & Black),4.3 out of 5 stars,"1,499","6,747"
"WALKENT Laptop Bags - Anti-Theft, Expandable, Waterproof, External USB for Men Women from Arctic Hunter",4.3 out of 5 stars,"3,790",44,"‎Walkent(OEMGuangzhouLeadingWolfLeatherProductsCo.,Ltd),walkentstore@gmail.com,Ph",‎B09BVWXBFG
DIVING DEEP Women Backpack Latest School Bag for Girls (Black),3.3 out of 5 stars,399,"1,113",‎DIVINGDEEP,‎B08F7YYZTJ
American Tourister Casual Backpack,4.1 out of 5 stars,"1,649","11,061",‎Samsonite,‎B07CJCFNZG
Wesley Milestone 2.0 15.6 inch 30 L Casual Waterproof Laptop Backpack/Office Bag/School Bag/College Bag/Business Bag/Unisex Travel Backpack (Blue and Black),4.3 out of 5 stars,598,"6,745"
"Fur Jaden 55 LTR Rucksack Travel Backpack Bag for Trekking, Hiking with Shoe Compartment",4.2 out of 5 stars,"1,059","5,776","‎FurJaden,FurJaden3-C,JaiHindBld,DrAMRoad,Bhuleshwar,Mumbai400002,8080888028",‎B07YDGQQN5
Fur Jaden Anti Theft Backpack 15.6 Inch Laptop Bag with USB Charging Port and Water Resistant Fabric,4.0 out of 5 stars,"1,199","9,007","‎FurJaden,3-C,JaiHindBld,DrAMRoad,Bhuleshwar,Mumbai400002,8080888028",‎B078GLXMDY
The Westzone Regular Hi Storage 25 L Waterproof Rain Cover Laptop Backpack (Navy Blue Ct),3.9 out of 5 stars,639,841,‎B08BYSL2ZT
"INOVERA Faux Leather Women Handbags Shoulder Hobo Bag Purse With Long Strap, 32L x 13B x 30H cm",4.2 out of 5 stars,"1,419","4,936",‎PandaExim,‎B08CMQD4BC
Lenovo Slim Everyday Backpack,4.4 out of 5 stars,799,"1,688","‎Lenovo,#43/3,MaruthiMandira,ArisinaKunta,NexttoHolidayPlamHotel,Nelamangala,Bangalore562123,India",‎B08R7RPVJF
"Safari Crew Overnighter Backpack, 40 Ltr Water Resistant Travel Laptop Bag, Black Polyester Bagpack for Men and Women, Spacious Shoulder Bag for Travelling and Camping",1.6 out of 5 stars,"3,184",3,"‎Safari,SafariIndustriesLtd301/302,A-Wing,TheQube,M.V.Road,Marol,Andheri(East),NearinternationalAirportMumbai-400059+91-22-40381851/838",‎B097JK3X9D
HEROZ Hacker 50 litres Nylon Travel Laptop Backpack Water Resistant Slim Durable Computer Book Bag Tracking Fits Up to 17.3-inch Laptop (058- All) (Grey & Red),4.1 out of 5 stars,"1,599","3,266"
ADISA 15.6 inch Laptop Backpack Office Bag College Travel Back Pack 32 Ltrs (z-Navy Blue),4.0 out of 5 stars,529,270,‎ADISA,‎B09TPX22NF
"TRUE HUMAN Emperor ( ZYDEN ) Anti-Theft backpack with combination lock Laptop bag , office bag , college bag",3.8 out of 5 stars,679,271,‎B09VCHV6T5
DZert Clasy Laptop Bag College Bag for Boys Girls 21 L Blue White,3.9 out of 5 stars,349,"1,870","‎RushiEnterprise,RushiEnterprise,GujaratAmreli(INDIA)-365601Mo-7016045876",‎B07GXYHFCY
ZIPLINE Unisex Casual Polyester 36 L Backpack School Bag Women Men Boys Girls Children Daypack College Bag Book School Sports Bag Weekend Bag,4.1 out of 5 stars,845,"2,913","‎AtulituAgency,,251/3364,TagoreNagar-1,VikhroliEast,Mumbai-400083(9820078070)",‎B07XVMR33Q
Safari Seek 45 Ltrs Overnighter Expandable Travel Laptop Backpack,4.5 out of 5 stars,"2,399","3,936","‎SafariIndustries(India)Ltd,SafariIndustriesLtd301/302,A-Wing,TheQube,M.V.Road,Marol,Andheri(East),NearinternationalAirportMumbai-400059+91-22-40381851/838",‎B07BZ5VC4H
Bagneeds Men's Black Synthetic Leather Briefcase Best Laptop Messenger Bag Satchel for Men,4.1 out of 5 stars,664,"2,315",‎Bagneeds,‎B0855F8174
"POLESTAR Leader 34 L College/ School/ Office/ Casual/ Travel Backpack with 15.6"" laptop compartment and rain cover, made with polyester, 1 year warranty",4.1 out of 5 stars,741,"2,942","‎POLESTAR,JAIAMBAYENTERPRISES,03AAFFJ0421M1ZQ,B-29,Sports&Surgicalcomplex,KapurthalaRoad,JalandharPunjab140021India.+919914112308,polestarbags@gmail.com",‎B08X2KRL8B
GOCART WITH G LOGO Laptop Backpack Casual Daypacks Briefcase Convertible Business Travel Rucksack with USB Charging Port Large College School Bookbag Computer Laptop Bag,4.1 out of 5 stars,"1,299",877,‎GOCARTWITHGLOGO,‎B0822H451W
CONTACTS 15 inch Everyday Laptop Versatile Backpack with USB Charging Port | Multi functional Bagpack (Grey),3.8 out of 5 stars,"1,095",745
CONTACTS 15 inch Everyday Laptop Versatile Backpack with USB Charging Port | Multi functional Bagpack (Grey),3.8 out of 5 stars,"1,095",745
Genie Flamenco2 Casual Backpacks for Women,4.5 out of 5 stars,919,802,"‎Safari,Safari,SafariIndustries(India)Ltd.,302-303,A-Wing,TheQubeCTSno-1498,A/2,MVroad,Marol,Andheri(E),Mumbai-400059,Maharashtra.",‎B08YF9VHTY
"Wesley Milestone Casual Waterproof Laptop Backpack/Office Bag/School Bag/College Bag/Business Bag/Unisex Travel Backpack (Compatible with 15.6 inch Laptop) 30 L, Charcoal Black",4.3 out of 5 stars,598,"6,745"
Martucci 15.6 inch 30 L Casual Waterproof Laptop Backpack/Office Bag/School Bag/College Bag/Business Bag/Unisex Travel Backpack(Navy Blue),4.1 out of 5 stars,568,"4,396",‎Martucci,‎B088B3ZVW2
"Genie Flamenco Laptop Casual Backpacks for Women, 16 inches, Stylish and Trendy College backpacks for girls, Water Resistant and Lightweight Mini Bags . Latest Collection (Sky Blue)",4.4 out of 5 stars,981,695,"‎Safari,SafariIndustries(India)Ltd.,302-303,A-Wing,TheQubeCTSno-1498,A/2,MVroad,Marol,Andheri(E),Mumbai-400059,Maharashtra.PhoneNumber+919819547085,EmailId",‎B08YF1XJXY
HEROZ Hammer Unisex Nylon 45 L Travel Laptop Backpack Water Resistant Slim Durable Fits Up to 17.3 Inch Laptop Notebook (All) (Grey & Black),4.3 out of 5 stars,"1,499","6,748"
Gear Classic Anti Theft Faux Leather 18 inch 48 cms Brown Laptop Backpack (LBPCLSLTH0201),4.4 out of 5 stars,"1,169","4,583","‎GearMerchandisePVTLTD,GearMerchandisePVTLTDE/12WestChowbagaGulshancolonyKoLkata-700100Contact9830403366",‎B07G4F6XFH
Northzone Laptop Bag/College Bag/School Bag/Office Bag/Waterproof Bag/Travel Bag/Casual Backpack/Trending Backpack,4.1 out of 5 stars,664,"4,675",‎B08679WRLW
Afn Fashion 45 Ltrs Casual backpack/ office/ School Bag/Laptop Backpack for (15.6 inch) Blue,4.0 out of 5 stars,799,"1,308","‎AFNFASHION,AFNFASHION",‎B081X69ZL7
Killer Louis 38L Large Laptop Backpack With 3 Compartments Polyester Trendy Waterproof Travel Backpack,4.4 out of 5 stars,"1,799","10,241","‎Killer,B-42,2ndFloor,AjayMittalIndustrialEstateAndheriKurlaRoad,Marol,Andheri(E)Mumbai,Maharashtra,India–400059Mobile",‎B07C9XHZT1
Scarters | Ultimate Premium Laptop Backpack for Business in Water Resistant Anti-Abrasive Nylon Fabric: Terminal ~ Navy Blue for up to 15.6 inch Laptop/MacBook,4.7 out of 5 stars,"9,940",108,‎scarters,‎B082PMDYR7
Capriff 32 L Casual Waterproof Laptop Bag/Backpack for Men Boys & Girls For Office School College Teens & Students with Rain Cover With adjustable Strap With 2 Compartment,3.8 out of 5 stars,529,"2,291",‎Capriff,‎B084T7X2HX
"Northzone Men's and Women's Stylish Lightweight Casual Travel Laptop Bag for School, College, Office (Navy Blue)",4.3 out of 5 stars,569,57,‎B08FMSRJCL
Star Dust Women's Hobos & Shoulder Bag,3.8 out of 5 stars,395,"8,678",‎RedStrong,‎B083BWKSXN
"FATMUG Laptop Bag For Men - Convertible Backpack For Office And Travel (Dark Grey ,Oxford Fabric)",4.4 out of 5 stars,"1,499","1,046"
Gear Classic Anti Theft Faux Leather 20 Ltrs Tan Laptop Backpack (LBPCLSLTH1901),4.5 out of 5 stars,999,"1,762","‎GearMerchandisePVTLTD,GearMerchandisePVTLTDE/12WestChowbagaGulshancolonyKoLkata-700100Contact9830403366",‎B07G4CYC74
Northzone Unisex 15.6 inch 25 L Casual Waterproof Laptop/Travel/Office/School/College/Business Bag/Backpack (Navy blue),4.0 out of 5 stars,569,198,‎B08FG7L1ZP
"Artistix Archer Expandable | Multifunctional Laptop Bag with USB Charging | Travel Bag Pack | Anti Theft Backpack for Office, Business (35 Litre, 15.6 Inch)",4.7 out of 5 stars,"2,199",82,‎DurantInternational.Address,‎B09H4VCC42
Arctic Fox Slope Anti Theft Backpack with USB Charging Port 15 Inch Laptop Backpack (Black),4.6 out of 5 stars,"1,599","1,327","‎ArcticFox,OutshinyIndiaPvt.Ltd.,No.17,GaneshNagar,8thBCross,NarayanappaLayout,Kodigehalli,Bengaluru-560097.",‎B089QB6D7B
HEROZ Hammer Unisex Nylon 45 L Travel Laptop Backpack Water Resistant Slim Durable Fits Up to 17.3 Inch Laptop Notebook (All) (Grey & Black),4.3 out of 5 stars,"1,499","6,748"
"WALKENT Craft 15.6"" Waterproof Laptop Bag 27L - Anti-Theft, External USB, Expandable for Men Women",4.3 out of 5 stars,"2,490",258,"‎GuangzhouKingsonsBagsTechnologyCoLtd,walkentstore@gmail.com|8001655655",‎B0978JT5HR
"Scarters Neo - 20L Laptop Backpack,Bag for Office/College/Business/Travel for Laptop & MacBook Upto 15.6 inches ~ Grey",3.8 out of 5 stars,"2,970",20,‎Scarters,‎B09H7KX41D
"Bennett Mystic 15.6 inch(39.6cm) Laptop Shoulder Messenger Sling Office Bag, Water Repellent Fabric for Men and Women (Blue)",4.1 out of 5 stars,499,"2,694"
Half Moon 45L Hammer Waterproof Laptop Travelling Rucksack Trekking Backpack for Travel Journey bags for Men Women Boys & Girls with 17.3inch Laptop Compartment & Rain cover,4.3 out of 5 stars,"1,499",350,‎ABAmazingBags,‎B08PSX1LN9
Bagneeds Mens and Women Synthetic Leather Casual Travel/Office Laptop Messenger Bag,4.2 out of 5 stars,664,117,‎Bagsneed,‎B08RNMWHKV
ADISA Women Girls Flower Print Sling Bag Round Crossbody Purse,4.2 out of 5 stars,597,102,"‎ADISA,careadisa@gmail.com",‎B09TPM1BTX
"POLESTAR Epic 30 L College/ School/ Office/ Casual/ Travel Backpack with 15.6"" laptop compartment, suitable for both men & women, stylish & durable, 1 year warranty",3.3 out of 5 stars,659,57,‎B09XTK33VB
PLAYY BAGS Large 35 L Laptop Bag/Backpack for Men Women Boys Girls/Office School College Teens & Students(Navy Blue),3.0 out of 5 stars,599,45,‎B099N8JRVJ
Puma 24 Ltrs Limoges Laptop Backpack (7471402),3.9 out of 5 stars,749,259,‎Puma,‎B072QF243M
Lavie Sport Swing 34 litres Casual Backpack | School College Bag for Boys & Girls,4.2 out of 5 stars,"1,154",104,"‎BagzoneLifestylePvtLtd,BagzoneLifestylePvtLtd||LAVIE402,AckrutiStar,MIDCCentralRoad,AndheriEast,Mumbai–400093",‎B083KSWS2J
The Clownfish Fusion Series 27 litres Laptop Backpack for 15.6 Inch Laptops (Mustard),4.3 out of 5 stars,"1,219",238
"Dell Pro Slim Backpack 15 - PO1520PS - Fits Most laptops up to 38.1 cm (15 inches, Black)",4.3 out of 5 stars,"2,001",276
"World Speed 15.6-inch Laptop Computer Briefcase,Water Resistant, Business Bag with Waterproof Zipper,Shoulder Bag Artificial Leather Handbag,Compatible with laptop MacBook Notebook,for Men/Women",4.2 out of 5 stars,649,405,‎WORLDSPEED,‎B094GB8VS2
Martucci 16 inch 36L Casual Waterproof Laptop Backpack/Office Bag/School Bag/College Bag/Business Bag/Unisex Travel Backpack,4.3 out of 5 stars,629,21,‎Martuci,‎B0B1GHRTFF
Wesley Spartan Unisex Travel Hiking Laptop Bag fits Upto 17.3 inch with Raincover and Internal Organiser Backpack Rucksack College Bag,4.2 out of 5 stars,998,510,"‎Wesley,LonganiTradingCompany,F-82,Sector-1,BawanaIndustrialArea,Delhi-110039.Ph-9560940507",‎B098QFF5TJ
Comfabie 35 L Casual Waterproof Laptop Bag/Backpack for Men Boys & Girls For Office School College Teens & Students with Rain Cover With adjustable Strap With 2 Compartment,3.9 out of 5 stars,749,52,‎Peejayinternational,‎B0B1XJWJ37
Half Moon Curiosity Casual 35L Travel Laptop Backpack Water Resistant Slim Durable Fits 15.6 Inch Laptop Notebook with Rain cover (Navy Blue),3.8 out of 5 stars,999,55,‎Half_Moon(AmazingBags),‎B09S3ZK3N1
"Wildcraft 45 Ltrs Grey and Orange Rucksack (8903338073864), Large",4.3 out of 5 stars,"1,690","7,720","‎Wildcraft,Wildcraft,No.4AC-401,2ndBlock,HennurRoad,BDALayout,BangaloreCityCorporationWardNo.89,Kammanahalli,Bengaluru,Karnataka560084;Phome",‎B01G5I8YLC
"Veneer Medium 20 L Laptop Backpack Men Womens Girls Fashion PU Leather Mini Casual Backpack Bags for School, College, Tuition, Office Bag (Black)",4.2 out of 5 stars,839,509,‎THEHUTCHENTERPRISES,‎B09BMG8R6Y
HEROZ Hammer Unisex Nylon 45 L Travel Laptop Backpack Water Resistant Slim Durable Fits Up to 17.3 Inch Laptop Notebook (All) (Grey & Black),4.3 out of 5 stars,"1,499","6,748"
"WALKENT Craft 15.6"" Waterproof Laptop Bag 27L - Anti-Theft, External USB, Expandable for Men Women",4.3 out of 5 stars,"2,490",258,"‎GuangzhouKingsonsBagsTechnologyCoLtd,walkentstore@gmail.com|8001655655",‎B0978JT5HR
"Scarters Neo - 20L Laptop Backpack,Bag for Office/College/Business/Travel for Laptop & MacBook Upto 15.6 inches ~ Grey",3.8 out of 5 stars,"2,970",20,‎Scarters,‎B09H7KX41D
Cosmus Vogue Casual Laptop Backpack with USB Charger Port 46cm 26 Litre Navy College Bag,4.2 out of 5 stars,"1,358","1,169"
"Storite Stylish Small Midddle Strip PU Leather Sling Cross Body Travel One Side Shoulder Bag for Men & Women (18x6x25.5 cm, Coffee Brown)",4.3 out of 5 stars,749,102,‎SaiTechITPrivateLimited,‎B09G6W941R
My Fav Printed Laptop Backpack for Men Women / School Bag for Boys & Girls,4.1 out of 5 stars,"1,050",35,"‎MangalTradingCo,Delhi",‎B08YP77894
Crafts My Dream Women's Sling Bag (Multicolored),4.0 out of 5 stars,330,"1,326",‎Craftsmydream,‎B0100BD0IW
"SHW SOLAR BLACK LAPTOP BAG WITH PADDED LAPTOP COMPARTMENT SUITABLE FOR 15.6"" LAPTOP II ADJUSTABLE STRAPSII WATER BOTTLE POCKETII TWO COMPARTMENTS",3.8 out of 5 stars,349,65,‎B09NFSC3RP
ICEMART 25 L Waterproof Laptop Bag/Backpack for Men Women Boys Girls/Office School College Teens & Students,3.8 out of 5 stars,549,9,‎ICEMART,‎B09RPJQ971
ICEMART 25 L Waterproof Laptop Bag/Backpack for Men;Women;Boys;Girls/Office School College,3.7 out of 5 stars,499,31,‎ICEMART,‎B09LVP487G
HEROZ Hacker 50 litres Nylon Travel Laptop Backpack Water Resistant Slim Durable Computer Book Bag Tracking Fits Up to 17.3-inch Laptop (058- All) (Grey & Red),4.1 out of 5 stars,"1,599","3,266"
"EUME Sapphire Stylish Laptop / Backpack with Built-In Massager for Men & Women | Anti-Theft | Fits Up-to 14"" Screen (Pink, 20L)",4.1 out of 5 stars,"4,449",5
"Safar Casual Bagpack, School Bag, Laptop Backpack for HP and Lenovo Laptops 9",4.2 out of 5 stars,479,4
Lenovo Casual Laptop Backpack B210 39.62 cm (15.6-inch) Water Repellent Blue,4.2 out of 5 stars,929,"43,864"
70L Travel Backpack Hiking Bag Adventure Camping Trekking Bag Rucksack -70L,4.0 out of 5 stars,999,988,"‎AFNFASHION,AFNFASHIONMUMBA",‎B091SNKKB4
"Lenovo 15.6"" Professional Backpack, Made in India, Water-resistant,Uncompromised storage, Travel friendly:Fleece-lined PC compartment,Vented,Padded BackPanel & Adjustable shoulder straps,Luggage strap",4.2 out of 5 stars,"1,299",471
"Tabelito® Casual Laptop Bag school bags for boys girls 15.6-inch, 25 LTR Office & College bags for mens Water Repellent Backpack for Men & Women (BLUE)",4.2 out of 5 stars,499,965
Northzone 15.6 inch 30 L Casual Waterproof Laptop Backpack/Office Bag/School Bag/College Bag/Business Bag/Unisex Travel Backpack (Black),3.8 out of 5 stars,474,235,‎B09231T7ZZ
Kaushiki Enterprises Unicorn sling bag/unicorn cross body sequin shoulder sling bags/birthday return gift (pack of 1 sling bag),4.1 out of 5 stars,399,39,‎B09FCMRB1S
"Fur Jaden Anti Theft Number Lock Backpack Bag with 15.6 Inch Laptop Compartment, USB Charging Port & Organizer Pocket for Men Women Boys Girls",4.1 out of 5 stars,749,739,"‎FURJADEN,FurJaden,3CJaiHindBld,DrAMRoad,Bhuleshwar,Mumbai400002",‎B09VTCNN75
HEROZ Hammer Unisex Nylon 45 L Travel Laptop Backpack Water Resistant Slim Durable Fits Up to 17.3 Inch Laptop Notebook (All) (Grey & Navy Blue),4.3 out of 5 stars,"1,499","6,748"
"WALKENT Craft 15.6"" Waterproof Laptop Bag 27L - Anti-Theft, External USB, Expandable for Men Women",4.3 out of 5 stars,"2,490",258,"‎GuangzhouKingsonsBagsTechnologyCoLtd,walkentstore@gmail.com|8001655655",‎B09L5Z9KBD
COSMUS Sedna Dx Polyester 17 LTR Navy Blue Casual Laptop Backpack,4.2 out of 5 stars,"1,498",234,"‎Cosmus,B-42,2ndFloor,AjayMittalIndustrialEstateAndheriKurlaRoad,Marol,Andheri(E)Mumbai,Maharashtra,India–400059Mobile",‎B079R8MGX8
"Genie Flamenco Laptop Casual Backpacks for Women, 16 inches, Stylish and Trendy College backpacks for girls, Water Resistant and Lightweight Mini Bags . Latest Collection (Sky Blue)",4.4 out of 5 stars,981,695,"‎Safari,SafariIndustries(India)Ltd.,302-303,A-Wing,TheQubeCTSno-1498,A/2,MVroad,Marol,Andheri(E),Mumbai-400059,Maharashtra.PhoneNumber+919819547085,EmailId",‎B08YF1XJXY
"Golden Wolf Laptop Bag,Business Anti Theft Backpack with Lock,Water Resistant College School Laptop Backpack with Rain Cover and USB Charging Port Earphone Port,Backpack Gifts for 15.6 inch Laptop 25 L Travel Bag For Women & Men,Dark Grey",4.4 out of 5 stars,"1,849","2,502"
Gear Vintage2 Anti Theft Faux Leather 28 Ltrs Brown Laptop Backpack (LBPVG2LTH0201),4.4 out of 5 stars,"1,297","2,917","‎GearMerchandisePVTLTD,GearMerchandisePVTLTDE/12WestChowbagaGulshancolonyKoLkata-700100Contact9830403366",‎B07G4D13L7
COSMUS WEBSTAR 45 CM LAPTOP BACKPACK 35 LTRS LARGE SCHOOL BAG / TRAVEL BAGPACK (BLACK),4.2 out of 5 stars,"1,221",703
"Stylish Laptop Backpack With USB Charging Port, Water Resistant (black)",3.0 out of 5 stars,699,6,"‎OMRONBAGS,Bhiwandi,OMRONBAGS,Bhiwandi",‎B09WDV6HPK
"Lenovo 39.63cm (15.6"")Executive Red Backpack,Made in India, Water-resistant, Uncompromised storage,Travel friendly Vented & Well-Padded Back Panel with Luggage strap,Padded adjustable shoulder straps",4.3 out of 5 stars,"1,049",378
Gyan Traders Polyster Light Weight Laptop Bag 30 ltrs Laptop Backpack for Upto 15.6 inch Laptop (Blue),5.0 out of 5 stars,370,1,‎GyanTraders,‎B0B3HRLCCX
Comfabie 35 L Casual Waterproof Laptop Bag/Backpack for Men Boys & Girls For Office School College Teens & Students with Rain Cover With adjustable Strap With 2 Compartment,3.9 out of 5 stars,749,52,"‎PEEJAYINTERNATIONAL,PEEJAYINTERNATIONAL",‎B0B2LXQWM5
Asus ROG BP1501 39.62 cm (15.6-inch) Gaming Laptop Backpack (Black),4.3 out of 5 stars,"1,597",604
"EUME Sapphire Stylish Laptop / Backpack with Built-In Massager for Men & Women | Anti-Theft | Fits Up-to 14"" Screen (Pink, 20L)",4.1 out of 5 stars,"4,449",5
"Fast Travel 45 Ltrs, 46 cms School Bag Class 5-12 Large 4 partition Laptop Collage Office Travel Backpack Unisex",4.0 out of 5 stars,745,261,‎FastTravel,‎B09VCQWRC4
"Fur Jaden 15.6 Inch Laptop Backpack 25 LTR Bag for School, College and Office with USB Charging Port",3.9 out of 5 stars,749,"8,727","‎FurJaden,3-C,JaiHindBld,DrAMRoad,Bhuleshwar,Mumbai400002,8080888028",‎B07MXM5M99
PALAY® BTS Kpop Bangtan Backpacks Daypack Laptop Bag for Girls School Bag Shoulder Bag with USB Charging Port BTS Kpop Accessories For Boy Women Gifts,3.9 out of 5 stars,"1,743",12,‎B09K3TPJYL
"Storite Canvas Sling Cross Body Travel Office Business Messenger One Side Shoulder Bag for Men & Women (Grey, 33cm x 6.5cm x 27cm)",4.0 out of 5 stars,965,"1,433",‎SaiTechITPvtLtd,‎B09DYTDSY6
Gear 21 Ltrs Black Grey Casual Backpack (MDBKPECO50104),3.8 out of 5 stars,399,"1,701","‎Gear,GearMerchandisePVTLTDE/12WestChowbagaGulshancolonyKoLkata-700100Contact9830403366",‎B0757MBSS6
NewYouth Kpop USB BTS Bookbag Travel Backpack Korean Casual Backpack Daypack Laptop Bag College Bag BookBag with USB Charging Port,3.6 out of 5 stars,989,57,‎B09KLNV3G5
"Goldstar Casual Waterproof Backpack for Laptop, Office, School, College, Business Travel (Grey, Black, 30 L)",3.5 out of 5 stars,540,86,‎GOLDSTAR,‎B092VJYMML
"WILD MODA Women's Shoulder Bag, Set of 1",4.3 out of 5 stars,849,"2,502","‎WILDMODA,wildmoda@gmail.com",‎B099PLT91X
PUMA 23 Ltrs High Risk Red-Peacoat Laptop Backpack (7574903),4.0 out of 5 stars,819,565,"‎SHILLAGLOVISVietnamCO.LTD,SHILLAGLOVISVietnamCO.LTD,LongHoà,GòCông,TienGiang,Vietnam,PostalCode",‎B07LF3CXGY
"WALKENT Craft 15.6"" Waterproof Laptop Bag 27L - Anti-Theft, External USB, Expandable for Men Women",4.3 out of 5 stars,"2,490",258,"‎GuangzhouKingsonsBagsTechnologyCoLtd,walkentstore@gmail.com|8001655655",‎B09L5Z9KBD
EUME Estella 14 Inch Laptop Backpack for Men and Women - Yellow Series,3.9 out of 5 stars,799,289,"‎Eume,B-2NandkishoreInd.Estateoff,MahakaliCavesRoad,AndheriEastMumbai-400093customercare@avongroup.in,CustomerCareNo-9321366003",‎B08W33863K
"Half Moon 40 Ltrs Water resistant Travelling Laptop Rucksack Backpack for Travel Journey Trekking Bags for Men Women Boys and Girls with Laptop Compartment & Rain Cover (Polyester, Black)",3.8 out of 5 stars,849,33,‎Half_Moon,‎B09S14TTG6
"FATMUG Travel Laptop Backpack Casual Daily Bagpack for Office, Business, Travelling for Men, Women, Boys, Girls- spacious bag with laptop compartment (15.6"") - Multicolor",3.6 out of 5 stars,"1,469",5,‎FatmugDesigns,‎B091GNPPV2
"LuvLap Baby Breast Milk Storage Bags (Pack of 25), BPA Free Disposable Milk Freezer Bags for Breast Feeding, Transparent",4.4 out of 5 stars,327.,324
"Wooum 15.6"" Laptop Bag Water Resistance Laptop Backpack / Office Bag / School Backpack / College Bag / Casual backpack / Travel Backpack - Black",4.0 out of 5 stars,349,210
Half Moon 30L Waterproof 15.6 inch Laptop Office School College Bag Backpack for Men Women Boys & Girls,3.7 out of 5 stars,679,235,‎Half_Moon,‎B09QM9N1B3
Fancyku Kpop BTS Bangtan Boys Casual Backpack Daypack Laptop Bag School Bag Bookbag Shoulder Bag with USB Charging Port(Black 3),4.1 out of 5 stars,"1,188",391,"‎Fancyku,ReelayDevelopmentLimited",‎B07L4GYKH9
"AirCase Anti-Theft Laptop Backpack for Office/College, 3-in-1 Ergonomic Comfort Laptop Bag Backpack Briefcase for Men Women, 32L, Fits 15.6” Laptop MacBook, Shock-Proof, Water-Proof, Opens 180*, Grey",4.2 out of 5 stars,"1,325",327
Lenovo Casual Laptop Briefcase T210 (Toploader) 39.62 cm (15.6-inch) Water Repellent Black,4.2 out of 5 stars,929,"43,869"
DZert Clasy Laptop Bag College Bag for Boys Girls 21 L Black,3.9 out of 5 stars,349,"1,870","‎RushiEnterprise,RushiEnterprise,Jeshinjpara,ValapraGujaratAmreli-365601Mo-9714228584",‎B07H193V57
The Clownfish Audrey Polyester Women's Backpacks for 14 inch Laptop (Jet Black),2.0 out of 5 stars,"1,290",1,‎TheClownfish,‎B07MYTGJN5
EUME Amozz 31L Water Resistant Laptop Bag/Backpack for Laptop/MacBook up to 15.6 inches for Office/Travel/College for Men and Women with 3 compartments (Black),3.3 out of 5 stars,999,27
Pramadda Pure Luxury Mini Faux Leather Mobile Sling Bag For Women | Stylish Side Shoulder Crossbody Bags For Girls Daily Use | Messenger Purse With Waist Bag 2 in 1 | Latest Trendy Handbags.,4.6 out of 5 stars,490,498,‎PramodaaOverseasIndia,‎B09RKKGQVR
"Skybags Arthur 30 L Laptop Backpack (Grey), Free Size (PLBPARTHGRY)",4.0 out of 5 stars,"1,399",450,"‎FutureRetail,1800-1022-256",‎B07SRFGK6H
Half Moon 35 L Casual Water Resistant 15.6 inch Laptop Bag/Backpack for Men Women Boys Girls/Office School with Rain Cover (Black),4.1 out of 5 stars,799,114,‎ABAmazingBags,‎B09842K4RQ
SKYBAGS Campus Plus XL Black College Laptop Backpack 33L,4.3 out of 5 stars,"2,649",123,"‎VipIndustriesLtd,VIPIndustriesLtd",‎B0842584ML
Wesley Office Laptop Bag Briefcase Notebook Professional Business 15.6 Inch Briefcase Messenger Sling College Bag Water Resistant Laptop Bag Tablet Business Carrying Handbag for Women and Men… (Grey),4.3 out of 5 stars,498,"4,073"
"Strabo Aztech Black 30 L Water Resistant college,School Bag/Backpack For Boys And Girls",3.9 out of 5 stars,799,17,‎B08VJ2XS4C
House of Quirk Baby Diaper Bag Maternity Backpack (Blue Elephant Printed),4.3 out of 5 stars,"1,449","2,713"
Laxella Casual Waterproof Lightweight Laptop Bag/Backpack for Men & Boys /Office School College Teens & Students.(Packof 1),3.6 out of 5 stars,470,109,‎RIDHICREATION,‎B093DRDJD4
Cosmus Osaka 15.6 Inch Laptop Backpack,4.2 out of 5 stars,"1,519",675,‎B07KP64RCC
"WALKENT Laptop Bags - Anti-Theft, Expandable, Waterproof, External USB for Men Women from Arctic Hunter",4.3 out of 5 stars,"2,790",44,"‎Walkent(OEMGuangzhouLeadingWolfLeatherProductsCo.Ltd),walkentstore@gmail.com,Ph",‎B09BVS72JP
Cosmus Vogue Casual Laptop Backpack with USB Charger Port 46cm 26 Litre Navy College Bag,4.2 out of 5 stars,"1,358","1,169"
The Clownfish Water Resistant Unisex 28 Litres laptop backpack with USB Port,5.0 out of 5 stars,"3,759",1,‎B09RZY4D94
SKYBAGS Campus Plus XL Black College Laptop Backpack 33L,4.3 out of 5 stars,"2,649",123,"‎VipIndustriesLtd,VIPIndustriesLtd",‎B0842584ML
Wesley Office Laptop Bag Briefcase Notebook Professional Business 15.6 Inch Briefcase Messenger Sling College Bag Water Resistant Laptop Bag Tablet Business Carrying Handbag for Women and Men… (Grey),4.3 out of 5 stars,498,"4,073"
"Strabo Aztech Black 30 L Water Resistant college,School Bag/Backpack For Boys And Girls",3.9 out of 5 stars,799,17,‎B08VJ2XS4C
House of Quirk Baby Diaper Bag Maternity Backpack (Blue Elephant Printed),4.3 out of 5 stars,"1,449","2,713"
Laxella Casual Waterproof Lightweight Laptop Bag/Backpack for Men & Boys /Office School College Teens & Students.(Packof 1),3.6 out of 5 stars,470,109,‎RIDHICREATION,‎B093DRDJD4
Half Moon 35 L Casual Waterproof 15.6 inch Laptop Bag/Backpack for Men Women Boys Girls/Office School College Teens & Students with Rain Cover (Black),3.9 out of 5 stars,799,146,‎ABAmazingBags,‎B08RB3ZSLH
"DAHSHA Water-Resistant Oxford Fabric Small Sling Crossbody Messenger One Side Shoulder Bag Waist Fanny Pack Tactical MOLLE EDC Cellphone Portable Charger Passport Holder Travel Pouch With Adjustable Straps For Men & Women (Blue, 17 x 5 x 10.5 Cm)",4.3 out of 5 stars,745,261,‎DAHSHANISUNINC.,‎B09K7FHGX5
Cosmus Darwin 29 litres Office Backpack - Sleek Everyday use Backpack - Black,4.3 out of 5 stars,"1,449","9,444"
Multipurpose Backpack Bag - Cosmus Madison 33L waterproof Bag With laptop compartment,4.2 out of 5 stars,"1,495","2,024",‎Cosmus,‎B078JXC2L4
"Safar Casual Bagpack, School Bag, Laptop Backpack for HP and Lenovo Laptops 9",4.2 out of 5 stars,479,4
Lavie Sport Jarvis Laptop Backpack for Men & Women | College Bags for Girls & Boys | Laptop Sleeve,4.1 out of 5 stars,939,504,"‎BagzoneLifestylePvtLtd,BagzoneLifestylePvtLtd||LAVIE402,AckrutiStar,MIDCCentralRoad,AndheriEast,Mumbai–400093",‎B07VFNP7QN
Hyper Adam Sky Figo 15.6 inches 35 L Laptop Backpack Office School Collage Casual Bag with 3 Large Compartment for Men Women Bag Wild tourister (Black-Red),3.7 out of 5 stars,599,319,‎B08HY56P36
"Fast Travel 45 Ltrs, 46 cms School Bag Class 5-12 Large 4 partition Laptop Collage Office Travel Backpack Unisex",4.0 out of 5 stars,745,261,‎FastTravel,‎B09VCLQ9H3
"POLESTAR Xplore 55 L Hiking/ Trekking/ Camping/ Travelling Rucksack Backpack with rain cover, shoe compartment, water resistant, made with polyester, 1 year warranty",4.1 out of 5 stars,956,"10,257","‎POLESTAR,JAIAMBAYENTERPRISES,03AAFFJ0421M1ZQ,B-29,Sports&Surgicalcomplex,KapurthalaRoad,JalandharPunjab140021India.+919914112308,polestarbags@gmail.com",‎B07RC94TG8
Hyper Adam 65 LTR Rucksack Travel Backpack for Outdoor Sport Hiking Trekking Bag Camping Rucksack,4.1 out of 5 stars,999,"3,411",‎HyperAdam,‎B07PJCH3VZ
Half Moon 55 litres Travelling Laptop Bag/Rucksack Backpack for Luggage Travel Journey Trekking Hiking Bags for Men Women Boys and Girls with Laptop Compartment & Rain Cover,3.9 out of 5 stars,"1,149",96,‎Half_Moon,‎B09WDBPVFW
Lavie Sport Swing 34 litres Casual Backpack | School College Bag for Boys & Girls,4.2 out of 5 stars,"1,154",104,"‎BagzoneLifestylePvtLtd,BagzoneLifestylePvtLtd||LAVIE402,AckrutiStar,MIDCCentralRoad,AndheriEast,Mumbai–400093",‎B083KSWS2J
"uppercase Medium 17L Vegan Leather Laptop Backpack 2300EBP1 3x more water repellent sustainable bags with rain proof zippers for Men, Women, Boys and Girls, 750 Days warranty (Blue)",5.0 out of 5 stars,"1,600",6,"‎AcefourAccessoriesPvt.Ltd.,AcefourAccessoriesPvt.Ltd.,LodhaSupremusCorp.Tower,Unit1202,12thFloor,SakiViharroad,Chandivali,TungaVillage,Opp.MTNLoffice,AndheriE,Mumbai-400072,Maharashtra,India",‎B0B68Z3X7D
Killer Polyester Backpack - Checkers 29 Ltr Office Laptop Backpack,4.3 out of 5 stars,"1,644",639,‎B07VF5V55Y
Half Moon 35 L Casual Waterproof 15.6 inch Laptop Bag/Backpack for Men Women Boys Girls/Office School College Teens & Students with Rain Cover (Black),3.9 out of 5 stars,799,146,‎ABAmazingBags,‎B08RB3ZSLH
Hyper Adam 65 LTR Rucksack Travel Backpack for Outdoor Sport Hiking Trekking Bag Camping Rucksack,4.1 out of 5 stars,999,"3,411",‎HyperAdam,‎B07PJCH3VZ
Lavie Sport Jarvis Laptop Backpack for Men & Women | College Bags for Girls & Boys | Laptop Sleeve,4.1 out of 5 stars,939,504,"‎BagzoneLifestylePvtLtd,BagzoneLifestylePvtLtd||LAVIE402,AckrutiStar,MIDCCentralRoad,AndheriEast,Mumbai–400093",‎B07VFNP7QN
Lavie Sport Swing 34 litres Casual Backpack | School College Bag for Boys & Girls,4.2 out of 5 stars,"1,154",104,"‎BagzoneLifestylePvtLtd,BagzoneLifestylePvtLtd||LAVIE402,AckrutiStar,MIDCCentralRoad,AndheriEast,Mumbai–400093",‎B083KSWS2J
"Fast Travel 45 Ltrs, 46 cms School Bag Class 5-12 Large 4 partition Laptop Collage Office Travel Backpack Unisex",4.0 out of 5 stars,745,261,‎FastTravel,‎B09VCLQ9H3
"LuvLap Baby Breast Milk Storage Bags (Pack of 50), BPA Free Disposable Milk Freezer Bags for Breast Feeding, Transparent",4.4 out of 5 stars,539,324
Fristo Women's Handbag (FRB-315_Red),4.0 out of 5 stars,699,"5,083",‎HighTrendsIndia,‎B07MNRTDK5
Half Moon 55 litres Travelling Laptop Bag/Rucksack Backpack for Luggage Travel Journey Trekking Hiking Bags for Men Women Boys and Girls with Laptop Compartment & Rain Cover,3.9 out of 5 stars,"1,149",96,‎Half_Moon,‎B09WDBPVFW
HEROZ Combo of Hammer & Young Gym bgas Unisex Nylon 45 L+22 L Travel Laptop Backpack Yoga Swimming Water Resistant Slim Durable Fits Up to 17.3 Inch Laptop Notebook (Grey & Navy Blue),4.1 out of 5 stars,"1,899",347
"uppercase Medium 17L Vegan Leather Laptop Backpack 2300EBP1 3x more water repellent sustainable bags with rain proof zippers for Men, Women, Boys and Girls, 750 Days warranty (Green)",5.0 out of 5 stars,"1,600",4,"‎AcefourAccessoriesPvt.Ltd.,AcefourAccessoriesPvt.Ltd.,LodhaSupremusCorp.Tower,Unit1202,12thFloor,SakiViharroad,Chandivali,TungaVillage,Opp.MTNLoffice,AndheriE,Mumbai-400072,Maharashtra,India",‎B0B69M182Q
ADISA Women's & Girls' Sling Bag,4.1 out of 5 stars,495,"2,297","‎ADISA,careadisa@gmail.com",‎B07NPXWFXX
"NUFA Geometric Women's Sling Bag | Sling Chain Bag | Stylish, Latest & Trendy bags for School, College and Office",4.3 out of 5 stars,999,177,‎B09GH4PQG2
Shopizone 13 inch MacBook Backpack College Bag for Men & Women for Travel Trip Brown,3.2 out of 5 stars,599,7,"‎Shopizone,SomiSaleEcommercePvtLtd.,432,AtlantisK-10,TowerAopp.Honestrestaurant,nearSarabhaimainroad,VadodaraGUJARAT,India-390007,+91-9104099148",‎B081F95721
Gear Vintage2 Anti Theft Faux Leather 18 Inch/48 cms Navy Blue Black 28Ltr Laptop Backpack (LBPVG2LTH0501),4.4 out of 5 stars,"1,159","2,609","‎GearMerchandisePVTLTD,GearMerchandisePVTLTDE/12WestChowbagaGulshancolonyKoLkata-700100Contact9830403366",‎B07G4HH78P
"Fast Travel 45 Ltrs, 46 cms School Bag Class 5-12 Large 4 partition Laptop Collage Office Travel Backpack Unisex",4.0 out of 5 stars,745,261,‎FastTravel,‎B09VCQ1KD3
"NORTH ZONE Unisex Anti Theft Backpack 15.6 Inch Laptop Waterproof Casual Bag with USB Charging Port, Grey",3.6 out of 5 stars,569,60,‎ShabaBags,‎B09L6D68QZ
Wildcraft Turnaround Polyester 14 inch 27 Ltrs Blue Laptop Bag (8903340000000),4.3 out of 5 stars,"1,899","2,826",‎Wildcraft,‎B012D4QWES
Laptop Backpack of OPT-262/263/273/274/1395/1396,3.9 out of 5 stars,494,"4,334","‎OPTIMA,OPTIMAINDUSTRIESC-2,FLATTEDFACTORYCOMPLEX,JHANDEWALAN,NEWDELHI110055",‎B07ZYW7LWD
"CONTACTS 15 inch Everyday Laptop Versatile Backpack with USB Charging Port | Multi functional Bagpack, Black",3.8 out of 5 stars,"1,095",745
"uppercase Medium 19L Laptop Backpack 1600EBP1 Compact 3x more water repellent sustainable bags with rain proof zippers for Men, Women, Boys and Girls , 750 Days warranty",4.8 out of 5 stars,"1,100",31,"‎AcefourAccessoriesPvt.Ltd.,AcefourAccessoriesPvt.Ltd.,LodhaSupremusCorp.Tower,Unit1202,12thFloor,SakiViharroad,Chandivali,TungaVillage,Opp.MTNLoffice,AndheriE,Mumbai-400072,Maharashtra,India",‎B0B68ZS5G1
"Storite PU Leather Expandable Laptop Bag fits Up to 14 inch Laptop Messenger Organizer Bag/Shoulder Sling Office Bag for Men & Women – (40cm x 29cm x 6 cm, Black/Brown)",3.8 out of 5 stars,999,877
INOVERA Women's Cross-body Adjustable Strap Shoulder Sling Bag Mobile Card Holder Purse,3.9 out of 5 stars,795,251,‎B09Z2W2VH5
DZert Kids School Bag Soft Plush Backpacks Cartoon Boys Girls Baby (2-5 Years),3.7 out of 5 stars,249,"2,469","‎RushiEnterprise,RushiEnterprise,GujaratAmreli(INDIA)-365601Mo-7016045876",‎B07QD1M3R9
Shopizone 13 inch MacBook Backpack College Bag for Men & Women for Travel Trip Brown,3.2 out of 5 stars,599,7,"‎Shopizone,SomiSaleEcommercePvtLtd.,432,AtlantisK-10,TowerAopp.Honestrestaurant,nearSarabhaimainroad,VadodaraGUJARAT,India-390007,+91-9104099148",‎B081F95721
"AirCase C26 13.3 Inch/14 Inch Messenger Laptop Bag with Shoulder Strap, Water resistant, Handle and 2 Multi Utility Compartments (Black)",4.3 out of 5 stars,949,180
Business Waterproof School Bags Bagpack Travel Laptop Shoulder Backpack Anti Theft Backpack for College Travel Outdoor,5.0 out of 5 stars,569,2,‎B09SD9ZWFG
"FunBlast Cute Fancy Bag for Kids – Small Size Picnic Bag for Baby,Boys,Girls / Lightweight Travel Mini Backpack for Kids - Multi Color (ONLY FOR 2-5 YEAR OLD)",4.3 out of 5 stars,655,"1,090",‎FunBlast,‎B07PXFWVF7
"NORTH ZONE Unisex Anti Theft Backpack 15.6 Inch Laptop Waterproof Casual Bag with USB Charging Port, Grey",3.6 out of 5 stars,569,60,‎ShabaBags,‎B09L6D68QZ
EUME Mozzoline 31L Water Resistant Bag/Backpack for Laptop/MacBook up to 15.6 inches for Office/Travel/College for Men and Women with 3 compartments (Navy Blue),3.8 out of 5 stars,"1,049",37,"‎EUME,B-1NandkishoreIndustrialEstateoff,MahakaliCavesRoad,AndheriEast,Mumbai-400093,B-2NandkishoreInd.Estateoff,MahakaliCavesRoad,AndheriEastMumbai-400093,CustomerCareNo-9321366003",‎B08KSHZHYH
Gear Classic Anti Theft Faux Leather 14 cms Black Laptop Backpack (LBPCLSLTH0101),4.4 out of 5 stars,999,"2,169","‎GearMerchandisePVTLTD,GearMerchandisePVTLTDE/12WestChowbagaGulshancolonyKoLkata-700100Contact9830403366",‎B07G4D13LB
Laptop Backpack of OPT-262/263/273/274/1395/1396,3.9 out of 5 stars,494,"4,334","‎OPTIMA,OPTIMAINDUSTRIESC-2,FLATTEDFACTORYCOMPLEX,JHANDEWALAN,NEWDELHI110055",‎B07ZYW7LWD
Laptop Backpack of OPT-262/263/273/274/1395/1396,3.9 out of 5 stars,469,"4,334","‎OptimaManufacturingIndustriesPrivateLimited,Optimamanufacturingindustriespvtltd.plotno307phaseIIIsector53kundliindustrialareasonipat9811161182",‎B07GLRSVNZ
"Storite Stylish Padded Small Nylon Sling Cross Body Travel Office Bag for Men Women (22.5cm x 9.5cm x 22.5 cm, Dark Grey)",4.0 out of 5 stars,599,650,‎SaiTechITPrivateLimited,‎B098L372Z7
"Costura Waterproof Laptop Backpack for Men Women Boys Girls/Office, School, College, Casual Water Resistant Laptop Bag-30 Litre",5.0 out of 5 stars,649,1,‎Costura,‎B09SB89ZXV
"Fur Jaden Anti Theft Number Lock Backpack Bag with 15.6 Inch Laptop Compartment, USB Charging Port & Organizer Pocket for Men Women Boys Girls",4.1 out of 5 stars,749,739,"‎FURJADEN,FurJaden,3CJaiHindBld,DrAMRoad,Bhuleshwar,Mumbai400002",‎B09VTDMRY7
ADISA 32 Ltrs Water Resistant Casual Travel Bagpack/College Backpack/School Office Bag for Men and Women,4.0 out of 5 stars,549,"3,477","‎ADISA,careadisa@gmail.com",‎B07MXL986B
Lenovo Laptop Bag 15.6 inch backpack Black Red,3.9 out of 5 stars,790,"7,019"
"CONTACTS 15 inch Everyday Laptop Versatile Backpack with USB Charging Port | Multi functional Bagpack, Black",3.8 out of 5 stars,"1,095",745
COSMUS Eternal Laptop Backpack 20 Ltrs Polyester Bags for 15.6-inch Laptops,3.6 out of 5 stars,"1,013",3,"‎COSMUSBAGSPVT.LTD.,359,GroundFloorAbubakarChawlDharaviMainRoad,BagichaCompound,DharaviMumbai,400017LandmarkDharaviJamaMasjid(GujratiJamatKhana)Mobile",‎B09SWWXDSD
"Storite PU Leather Expandable Laptop Bag fits Up to 14 inch Laptop Messenger Organizer Bag/Shoulder Sling Office Bag for Men & Women – (40cm x 29cm x 6 cm, Black/Brown)",3.8 out of 5 stars,999,877
"FunBlast Cute Fancy Bag for Kids – Small Size Picnic Bag for Baby,Boys,Girls / Lightweight Travel Mini Backpack for Kids - Multi Color (ONLY FOR 2-5 YEAR OLD)",4.3 out of 5 stars,655,"1,090",‎FunBlast,‎B07PXFWVF7
MATSUN Large 55 L Laptop Backpack Premium Waterproof Bag For Travelling Trekking Rucksack,4.0 out of 5 stars,899,415,‎Matsun,‎B09WLFX6MV
ADISA Women Girls Floral Print Sling Bag,4.2 out of 5 stars,495,857,"‎ADISA,careadisa@gmail.com",‎B09B56BCXR
Sketchfab 35 L Casual Waterproof Laptop Bag Grey Laptop/College/School/Office Travel Backpack Unisex Women Men Boys Girls Children Daypack Book Sports Weekend Lightweight Bags for Stylish and Office - Grey,3.7 out of 5 stars,549,50,‎B09X33JVQ7
ADISA 32 Ltrs Water Resistant Casual Travel Bagpack/College Backpack/School Office Bag for Men and Women,4.0 out of 5 stars,549,"3,477","‎ADISA,careadisa@gmail.com",‎B07MXL986B
Gear Classic Anti Theft Faux Leather 14 cms Black Laptop Backpack (LBPCLSLTH0101),4.4 out of 5 stars,999,"2,169","‎GearMerchandisePVTLTD,GearMerchandisePVTLTDE/12WestChowbagaGulshancolonyKoLkata-700100Contact9830403366",‎B07G4D13LB
Half Moon 34 L Water Resistant 15.6 inch Laptop Bag/Backpack for Men Women Boys Girls/Office School College with Padded Laptop Compartment (Grey),4.0 out of 5 stars,749,866,‎Half_Moon(ABAmazingBags),‎B09T2TCSW7
Half Moon 35 L Casual Waterproof Laptop Bag/Backpack for Men Women Boys Girls/Office School College Teens & Students with Rain Cover (18 Inch) (Navy),3.9 out of 5 stars,799,"11,473",‎AmazingBags,‎B085MHDJ93
My Fav Digital Print School Bag for Boys & Girls / Laptop Backpack for Men Women,4.5 out of 5 stars,900,17,"‎MangalTradingCo,Delhi",‎B091FZKFF2
Laptop Backpack of OPT-262/263/273/274/1395/1396,3.9 out of 5 stars,469,"4,334","‎OptimaManufacturingIndustriesPrivateLimited,Optimamanufacturingindustriespvtltd.plotno307phaseIIIsector53kundliindustrialareasonipat9811161182",‎B07GLRSVNZ
Skybags Polyester 30 Ltrs Purple Laptop Bag (LPBPBLFS5PPL),4.4 out of 5 stars,"1,549",262,‎VIPIndustriesLtd,‎B074QR78CZ
"Fur Jaden Anti Theft Number Lock Backpack Bag with 15.6 Inch Laptop Compartment, USB Charging Port & Organizer Pocket for Men Women Boys Girls",4.1 out of 5 stars,749,739,"‎FURJADEN,FurJaden,3CJaiHindBld,DrAMRoad,Bhuleshwar,Mumbai400002",‎B09VTDMRY7
Cosmus Darwin Dx Laptop Backpack - 29 litres Linen Polyester Durable Fabric Office Laptop Bag,4.5 out of 5 stars,"1,613","2,027","‎COSMUSBAGSPVT.LTD.,359,GroundFloorAbubakarChawlDharaviMainRoad,BagichaCompound,DharaviMumbai,400017LandmarkDharaviJamaMasjid(GujratiJamatKhana)Mobile",‎B09Q11RH8X
"OUTBOX Waterproof Laptop Backpack,Red",3.8 out of 5 stars,429,262,‎B09CNHQ73V
Blue 45 LTR Casual Travel Backpack School bag College bag Laptop bag 7kgs cabin bag,3.8 out of 5 stars,569,50,"‎AirishFashion,AirishFashionmuradnagarHyderabad500028",‎B09PVCF9F8
ADISA Women's Sling Bag,4.2 out of 5 stars,495,"1,641",‎B0915VZVM6
HEROZ Harbour Unisex Nylon 28 L Travel Laptop Backpack Water Resistant Slim Durable Fits Up to 15.6 Inch Laptop Notebook (153-ALL) (Pink),4.6 out of 5 stars,841,3,‎A.H.Creation,‎B09XQ9HBVX
Cosmus Sliden 38L Laptop Backpack With 2 Compartments,4.0 out of 5 stars,"1,563",68,"‎COSMUSBAGSPVT.LTD,359,GroundFloorAbubakarChawlDharaviMainRoad,BagichaCompound,DharaviMumbai,400017Mobile",‎B09FLV3ZXK
Killer Polyester Backpack - Checkers 29 Ltr Office Laptop Backpack,4.3 out of 5 stars,"1,644",639,‎B07VJHBK6N
"WALKENT Wick 4-in-1 Detachable 17 inches Laptop Bag (Arctic Hunter, Black) Anti-Theft, Waterproof, External USB for Men & Women",4.5 out of 5 stars,"3,990",318,"‎GuangzhouLeadingWolfLeatherProductsCo.,Ltd,walkentstore@gmail.com|8001655655",‎B09BVWXWQQ
Fur Jaden 20L Navy Anti Theft Bag 15.6 Inch Laptop Backpack with USB Charging Port,4.0 out of 5 stars,"1,199","4,883","‎FurJaden,FurJaden3-C,JaiHindBld,DrAMRoad,Bhuleshwar,Mumbai400002,8080888028",‎B07FMBQ891
Okami Wolf ZenPack Unisex-adult Laptop Bag with USB Fast Charging (Black),4.5 out of 5 stars,"2,899",111,‎B09PRH27MV
Hidesign Draper 01 Men's Laptop Bag - Black,4.5 out of 5 stars,"11,695",2,‎Hidesign,‎B07Y3JYSTR
"Veneer Laptop Bag 15.6 Inch, Business Briefcase for Men Women, 15inch Water Resistant Messenger Shoulder Bag with Strap, Durable Office Bag, for Computer/Notebook/MacBook,Black (Grey)",4.3 out of 5 stars,989,"2,095",‎THEHUTCHENTERPRISES,‎B08Z619V6Z
Comfabie 35 L Casual Waterproof Laptop Bag/Backpack for Men Boys & Girls For Office School College Teens & Students with Rain Cover With adjustable Straps With 2 Compartments,3.5 out of 5 stars,749,17,‎Peejayinternational,‎B0B2P7JMDL
ADISA Women's Sling Bag,4.0 out of 5 stars,495,"1,850","‎ADISA,careadisa@gmail.com",‎B07DVM41CW
"Storite Stylish Padded Small Nylon Sling Cross Body Travel Office Bag for Men Women (22.5cm x 9.5cm x 22.5 cm, Dark Grey)",4.0 out of 5 stars,599,650,‎SaiTechITPrivateLimited,‎B098L372Z7
"Mokobara Backpack Pro 15.6"" Inch Laptop Backpack For Men And Women (21 litre).",4.4 out of 5 stars,"5,990",139,"‎Mokobara,MokobaraLifestylePrivateLimited,Bangalore.CustomerCare",‎B08SW78ZXD
"GODS Ghost 25 Litre Anti-Theft 15.6 Inch Laptop Backpack, Quick Access Pocket, Efficient Organiser, Versatile & Water-resistant (Claw)",4.5 out of 5 stars,"3,649","8,211","‎RoadGods,RoadGodsAutogearPvt.Ltd,RoadGodsAutogearPvt.Ltd,A-block,Sector-2,Noida,UttarPradesh-201301,Phone-011-42213168&Email-Support@roadgods.com",‎B097YNKW5F
COSMUS Eternal Laptop Backpack 20 Ltrs Polyester Bags for 15.6-inch Laptops,3.6 out of 5 stars,"1,013",3,"‎COSMUSBAGSPVT.LTD.,359,GroundFloorAbubakarChawlDharaviMainRoad,BagichaCompound,DharaviMumbai,400017LandmarkDharaviJamaMasjid(GujratiJamatKhana)Mobile",‎B09SWWXDSD
DZert Kids School Bag Soft Plush Backpacks Cartoon Boys Girls Baby (2-5 Years),3.7 out of 5 stars,259,"8,683","‎RushiEnterprise,RushiEnterprise,GujaratAmreli(INDIA)-365601Mo-7016045876",‎B07Y2BFJ1B
"FunBlast Unicorn Pop it Sling Bag - Crossbody Bag for Kids, Pop it Purse for Girls, Pop It Bag for Girls, Pop it Bag for Girls, (Pack of 1 Pcs Random Color)",3.4 out of 5 stars,350,122,‎FunBlast,‎B09N42KLNX
FATMUG Laptop Bag For Men - Convertible Backpack For Office And Travel (Light Grey Oxford Fabric),4.4 out of 5 stars,"1,499","1,046"
MATSUN Large 55 L Laptop Backpack Premium Waterproof Bag For Travelling Trekking Rucksack,4.0 out of 5 stars,899,415,‎Matsun,‎B09WLFX6MV
Lavie Women's Nova Tote Bag | Ladies Purse Handbag,4.2 out of 5 stars,"1,249","6,151","‎BagzoneLifestylePvtLtd,BagzoneLifestylePvtLtd||LAVIE402,AckrutiStar,MIDCCentralRoad,AndheriEast,Mumbai–400093",‎B07MXNWTB2
Sketchfab 35 L Casual Waterproof Laptop Bag Grey Laptop/College/School/Office Travel Backpack Unisex Women Men Boys Girls Children Daypack Book Sports Weekend Lightweight Bags for Stylish and Office - Grey,3.7 out of 5 stars,549,50,‎B09X33JVQ7
Baggit Women Saddle Handbag (OLIVE),4.1 out of 5 stars,745,231,"‎BaggitIndiaPvtLtd.,BaggitIndiaPvtLtd.,ShreeArihantCompound,Kalher,Bhiwandi,Thane-421302",‎B098TKXK15
The Clownfish Water Resistant Anti-Theft Travel Laptop Backpack with USB Charging and Password Number Lock,4.2 out of 5 stars,"4,409",11,‎B09SHC7W7J
"Scarters Neo - 20L Laptop Backpack,Bag for Office/College/Business/Travel for Laptop & MacBook Upto 15.6 inches ~ Blue",3.8 out of 5 stars,"2,970",20,‎scarters,‎B09H7JKDN7
Wooum 15.6 inch Laptop Bag Backpack Fashion Rucksack Casual Student School Bag Computer Bag College Bag Office Bag Business Bag Unisex Travel Backpack,4.0 out of 5 stars,468,"1,505",‎wooum,‎B08R7PGL6W
Sketchfab 35 L Casual Waterproof Laptop Bag Grey Laptop/College/School/Office Travel Backpack Unisex Women Men Boys Girls Children Daypack Book Sports Weekend Lightweight Bags for Stylish and Office - Grey,3.7 out of 5 stars,549,50,‎B09X33JVQ7
Trajectory Elegant Vegan Leather 15.6 Inch Laptop Messenger Office Bag with 10 years warranty and dual compartment with expandable bottom used as shoulder and handbag For Men and Women,4.3 out of 5 stars,"1,299",48,"‎TrajectoryMarketingLLP,TrajectoryMarketingLLP,Delhi",‎B09RK6NCGC
Skybags Polyester 30 Ltrs Purple Laptop Bag (LPBPBLFS5PPL),4.4 out of 5 stars,"1,549",262,‎VIPIndustriesLtd,‎B074QR78CZ
Blue Tree Cute Kids Backpack Toddler Bag Plush Animal Cartoon Mini Travel Bag for Baby Girl Boy 1-6 Years (Cow),3.9 out of 5 stars,265,182
"Glowic Hopping Grocery, Travel, Beach | Shoulder Handbags Women, College Bags for Girls Stylish Trendy(WBAG-34) (Multi Colour)",4.0 out of 5 stars,399,239,"‎NHUB,NHUB,KATARGAM,SURAT,GUJARAT,INDIA395004",‎B09HHNZ47K
My Fav Printed Laptop Backpack for Men Women / School Bag for Boys & Girls,4.0 out of 5 stars,900,17,"‎MangalTradingCo,Delhi",‎B091KYX48S
Wooum 48 L Casual Water Resistance Laptop Bag / Backpack for Men Women Boys Girls / Office School College Teens & Students with 15.6 Inch Laptop Compartment 50x37x26Cm,3.4 out of 5 stars,599,4,‎B09X5Y2CB2
Multipurpose Backpack Bag - Cosmus Madison 33L waterproof Bag With laptop compartment,4.2 out of 5 stars,"1,420","2,024",‎Cosmus,‎B078JLT69W
COSMUS Darwin Navy Blue Laptop Backpack for (15.6 inch),4.3 out of 5 stars,"1,333","9,444"
"AirCase C24 13.3 Inch/14 Inch Messenger Laptop Bag with Shoulder Strap, Water resistant, Handle and 2 Multi Utility Compartments (Blue)",4.3 out of 5 stars,899,713
Cosmus Darwin Dx Laptop Backpack - 29 litres Linen Polyester Durable Fabric Office Laptop Bag,4.5 out of 5 stars,"1,613","2,027","‎COSMUSBAGSPVT.LTD.,359,GroundFloorAbubakarChawlDharaviMainRoad,BagichaCompound,DharaviMumbai,400017LandmarkDharaviJamaMasjid(GujratiJamatKhana)Mobile",‎B09Q11RH8X
Fostelo Women's Catlin Handbag (Maroon) (FSB-1033),4.1 out of 5 stars,500,"7,464","‎Fostelo,PromuntOnlineServicesPvtLtd",‎B079MD5F7R
Blue 45 LTR Casual Travel Backpack School bag College bag Laptop bag 7kgs cabin bag,3.8 out of 5 stars,569,50,"‎AirishFashion,AirishFashionmuradnagarHyderabad500028",‎B09PVCF9F8
Hammonds Flycatcher Original Bombay Brown Leather Laptop Messenger Bag for Laptop/MacBook up to 15.6 inch|Padded Laptop Compartment|Office Bag,4.3 out of 5 stars,"2,606","3,796","‎HindustanFoam,HindustanFoam,16mGolamJilaniKhanRoad,Kolkata700039,Contact",‎B07P2TQH78
Blue Tree Cute Kids Backpack Toddler Bag Plush Animal Cartoon Mini Travel Bag for Baby Girl Boy 1-6 Years (New Butterfly),3.6 out of 5 stars,265,74
SFANE Yoga Series Polyester Gym Bag/Duffle Bag for Men & Women with Shoe Compartment (Grey),4.3 out of 5 stars,499,313,"‎SfaneTrends,SfaneTrends",‎B08PD15TXH
"Walkent Ritzy 15.6 inches Waterproof Laptop Bag - Hi-Quality PU, Anti Theft Design, External USB, Scratch Resistant",4.7 out of 5 stars,"2,990",21,"‎Walkent(OEMBaigouXinchengAihanBagsFactory),walkentstore@gmail.com|8001655655",‎B09Q172X7J
The Clownfish Water Resistant Anti-Theft Travel Laptop Backpack with USB Charging and Password Number Lock,4.2 out of 5 stars,"4,409",11,‎B09SHC7W7J
"Scarters Neo - 20L Laptop Backpack,Bag for Office/College/Business/Travel for Laptop & MacBook Upto 15.6 inches ~ Blue",3.8 out of 5 stars,"2,970",20,‎scarters,‎B09H7JKDN7
"FUOCO Men's and Women's Polyester 3 in 1 Shoulder Backpack with Laptop Carry Luggage Bags (Large , 30 L)",3.2 out of 5 stars,734.,40,"‎Fuoco,FuocoWorld,CustomerCare",‎B09VLD3ZG4
AQUADOR Laptop Backpack with Tan & Black faux vegan leather(AB-S-1513-TANBLACK),5.0 out of 5 stars,"1,111",1,"‎VJMExports,Kanpur,UttarPradesh,9919765111",‎B08Z897H6Y
Cosmus Darwin Dx Laptop Backpack - 29 litres Linen Polyester Durable Fabric Office Laptop Bag,4.5 out of 5 stars,"1,613","2,027","‎COSMUSBAGSPVT.LTD.,359,GroundFloorAbubakarChawlDharaviMainRoad,BagichaCompound,DharaviMumbai,400017LandmarkDharaviJamaMasjid(GujratiJamatKhana)Mobile",‎B09Q11RH8X
"Bennett Casual Laptop Bag school bags for boys girls 15.6-inch, 25 LTR Office & College bags for mens Water Repellent Backpack for Men & Women (BLUE) (ben_cas_blue)",4.0 out of 5 stars,512,46
ADISA Women Girls Floral Print Round Sling Bag,4.3 out of 5 stars,399,800,"‎ADISA,careadisa@gmail.com",‎B09B575DLN
Blue 45 LTR Casual Travel Backpack School bag College bag Laptop bag 7kgs cabin bag,3.8 out of 5 stars,569,50,"‎AirishFashion,AirishFashionmuradnagarHyderabad500028",‎B09PVCF9F8
Asus BP1504 39.62 cm (15.6-inch) Laptop Backpack (Dark Grey),4.2 out of 5 stars,900,"1,066"
"Walkent Ritzy 15.6 inches Waterproof Laptop Bag - Hi-Quality PU, Anti Theft Design, External USB, Scratch Resistant",4.7 out of 5 stars,"2,990",21,"‎Walkent(OEMBaigouXinchengAihanBagsFactory),walkentstore@gmail.com|8001655655",‎B09Q172X7J
Mammon women's cream handbag combo (set of 3),3.7 out of 5 stars,515,"8,683","‎Retailstudio,Customercare18001022352",‎B07XKNS6FF
DZert Pikachu Kids Bags for School 10Ltr Baby/Boys/Girls Velvet Backpack (Yellow),4.1 out of 5 stars,259,"4,094"
Budh Premium Laptop Backpack,5.0 out of 5 stars,"4,950",1,‎SamruddhiEnterprises,‎B07RXCJ7VX
EUME Urban Active 31L Water Resistant Bag/Backpack for Laptop/MacBook up to 15.6 inches for Office/Travel/College for Men and Women with 3 compartments (Black),3.7 out of 5 stars,"1,187",38,"‎EUME,B-1NandkishoreIndustrialEstateoff,MahakaliCavesRoad,AndheriEast,Mumbai-400093,B-2NandkishoreInd.Estateoff,MahakaliCavesRoad,AndheriEastMumbai-400093,CustomerCareNo-9321366003",‎B08KSHS77F
Harissons Bags Volt 15.6 inch Office Laptop Backpacks for Men and Women,4.3 out of 5 stars,"1,504",115,‎B09D3XC9KW
"uppercase Medium 17L Vegan Leather Laptop Backpack 2300EBP1 3x more water repellent sustainable bags with rain proof zippers for Men, Women, Boys and Girls, 750 Days warranty (Green)",5.0 out of 5 stars,"1,600",4,"‎AcefourAccessoriesPvt.Ltd.,AcefourAccessoriesPvt.Ltd.,LodhaSupremusCorp.Tower,Unit1202,12thFloor,SakiViharroad,Chandivali,TungaVillage,Opp.MTNLoffice,AndheriE,Mumbai-400072,Maharashtra,India",‎B0B69M182Q
SKYBAGS Campus Grey Logo Print College Laptop Backpack 30L,4.0 out of 5 stars,"2,230",246,"‎VipIndustriesLtd,VIPIndustriesLtd",‎B084258ZD8
"WALKENT Craft 15.6"" Waterproof Laptop Bag 27L - Anti-Theft, External USB, Expandable for Men Women",4.3 out of 5 stars,"2,490",258,"‎GuangzhouKingsonsBagsTechnologyCoLtd,walkentstore@gmail.com|8001655655",‎B0978JT5HR
FATMUG Laptop Bag For Men - Convertible Backpack For Office And Travel (Navy Blue Oxford Fabric),4.4 out of 5 stars,"1,499","1,046"
NEEDLE CRAFT 30 Liter Waterproof Laptop Backpack/Office Bag/School Bag/College Bag/Business Bag for Unisex (Black),3.9 out of 5 stars,619,132,"‎NeedleCraft,A-38MATKEWALIGALIOPPMMCDSCHOOLNEARGALITELMILWALINABIKARIMPAHARGANJNEWDELHI",‎B08YZBRDF5
"Storite Stylish Small PU Leather Sling Cross Body Travel Office Messenger One Side Shoulder Bag for Men Women(Brown, 20.5x9x16.5cm)",4.1 out of 5 stars,799,632,‎SaiTechITPrivateLimited,‎B08TR8RMNH
"Glowic Hopping Grocery, Travel, Beach | Shoulder Handbags Women, College Bags for Girls Stylish Trendy(WBAG-34) (Multi Colour)",4.0 out of 5 stars,399,239,"‎NHUB,NHUB,KATARGAM,SURAT,GUJARAT,INDIA395004",‎B09HHNZ47K
GODS Ghost 22 Litre Anti-Theft 15.6 Inch Laptop Backpack (Tiles),4.5 out of 5 stars,"3,649","8,211",‎RoadGods,‎B09LMLS1FG
Budh Overnighter Bag,3.0 out of 5 stars,"5,950",1,‎SamruddhiEnterprises,‎B07S3L7M2G
"WALKENT Laptop Bags - Anti-Theft, Expandable, Waterproof, External USB for Men Women from Arctic Hunter",4.3 out of 5 stars,"2,790",44,"‎Walkent(OEMGuangzhouLeadingWolfLeatherProductsCo.Ltd),walkentstore@gmail.com,Ph",‎B09DL7RP2J
DZert Pikachu Kids Bags for School 10Ltr Baby/Boys/Girls Velvet Backpack (Yellow),4.1 out of 5 stars,259,"4,094"
"uppercase Medium 17L Vegan Leather Laptop Backpack 2300EBP1 3x more water repellent sustainable bags with rain proof zippers for Men, Women, Boys and Girls, 750 Days warranty (Green)",5.0 out of 5 stars,"1,600",4,"‎AcefourAccessoriesPvt.Ltd.,AcefourAccessoriesPvt.Ltd.,LodhaSupremusCorp.Tower,Unit1202,12thFloor,SakiViharroad,Chandivali,TungaVillage,Opp.MTNLoffice,AndheriE,Mumbai-400072,Maharashtra,India",‎B0B69M182Q
"AirCase Laptop Messenger Bag Case Cover Pouch for 13.3-Inch, 14-Inch, 15.6 -Inch Laptop Bag for Men & Women",4.2 out of 5 stars,"1,495",339,"‎AirCase,‎IStuff365,R.C.CGodownNo.H-3,DharamComplex,AnjurMankoliRoad,RahanalVillage,Bhiwandi,Thane-421302.",‎B07V57FMBH
"WALKENT Craft 15.6"" Waterproof Laptop Bag 27L - Anti-Theft, External USB, Expandable for Men Women",4.3 out of 5 stars,"2,490",258,"‎GuangzhouKingsonsBagsTechnologyCoLtd,walkentstore@gmail.com|8001655655",‎B0978JT5HR
FATMUG Laptop Bag For Men - Convertible Backpack For Office And Travel (Navy Blue Oxford Fabric),4.4 out of 5 stars,"1,499","1,046"
NEEDLE CRAFT 30 Liter Waterproof Laptop Backpack/Office Bag/School Bag/College Bag/Business Bag for Unisex (Black),3.9 out of 5 stars,619,132,"‎NeedleCraft,A-38MATKEWALIGALIOPPMMCDSCHOOLNEARGALITELMILWALINABIKARIMPAHARGANJNEWDELHI",‎B08YZBRDF5
"Storite Stylish Small PU Leather Sling Cross Body Travel Office Messenger One Side Shoulder Bag for Men Women(Brown, 20.5x9x16.5cm)",4.1 out of 5 stars,799,632,‎SaiTechITPrivateLimited,‎B08TR8RMNH
30 L Casual Waterproof Laptop Backpack/Office Bag/School Bag/College Bag/Business Bag/Travel Backpack (Navy Blue),3.3 out of 5 stars,549,23,"‎GOLDSTAR,9372530986",‎B092VKVC97
Half Moon 34 L Water Resistant 15.6 inch Laptop Bag/Backpack for Men Women Boys Girls/Office School College with Padded Laptop Compartment (Grey),4.0 out of 5 stars,849,866,‎Half_Moon(ABAmazingBags),‎B09GG53CSL
EUME Urban Active 31L Water Resistant Bag/Backpack for Laptop/MacBook up to 15.6 inches for Office/Travel/College for Men and Women with 3 compartments (Black),3.7 out of 5 stars,"1,187",38,"‎EUME,B-1NandkishoreIndustrialEstateoff,MahakaliCavesRoad,AndheriEast,Mumbai-400093,B-2NandkishoreInd.Estateoff,MahakaliCavesRoad,AndheriEastMumbai-400093,CustomerCareNo-9321366003",‎B08KSHS77F
TRAWOC 80L Travel Backpack Camping Hiking Rucksack Trekking Bag with Water Proof Rain Cover / Shoe Compartment- BHK001 Black,4.4 out of 5 stars,"2,295","1,113","‎TRAWOC,TRAWOCGears,Customercare",‎B083DYV9ZW
Blue Tree 32L Durable Waterproof Laptop Backpack/Travelling Backpack for Men & Women School and College Students Lightweight Bag in 18 inches,3.9 out of 5 stars,699,248,"‎VancouverStore,Vancouver.store013@ggmail.com",‎B08SCNWBWQ
PALAY® BTS Teens School Backpack for Women College Girls Bookbag USB Charging and HeadsetPort Laptop Backpack Student Daypack,3.9 out of 5 stars,"1,548",499,"‎Generic,RaghuTradingLimited(HK)",‎B07X8PFC1J
Wooum 15.6 inch Water-Resistance Laptop Bag for Men and Women Casual Backpack Laptop Backpack/Office Bag/School Bag/College Bag/Business Bag/Unisex Travel Backpack - Grey-Black,4.1 out of 5 stars,467,285
ASTIR COLLEEN Women's Sling Bag,4.1 out of 5 stars,297,920,"‎MakerStuffIndiaPrivateLimited,Gurgaon,Haryana",‎B08KZC1NNH
ADISA Women's Girls Party Sling Bag with Gold Chain,4.1 out of 5 stars,495,97,"‎ADISA,careadisa@gmail.com",‎B09RWS7MF3
"AirCase Laptop Messenger Bag Case Cover Pouch for 13.3-Inch, 14-Inch, 15.6 -Inch Laptop Bag for Men & Women",4.0 out of 5 stars,"1,495",462,"‎AirCase,‎GIZGAESSENTIALS,MSINNOVATIVESOLUTIONSLIMITEDUNIT-24/7,7THFLOOR,GOLDFIELDINDCENTRE,1SUIWOROAD,FOTANSHATIN,N.T.HONGKONG",‎B07V47HHRG
Harissons Bags Nemesis 15.6 inch Office Laptop Backpacks for Men and Women,3.9 out of 5 stars,"1,169",80,‎B09D3Y15FH
GODS Ghost 22 Litre Anti-Theft 15.6 Inch Laptop Backpack (Tiles),4.5 out of 5 stars,"3,649","8,211",‎RoadGods,‎B09LMLS1FG
Leatherman Leather Black Laptop Bag,5.0 out of 5 stars,"2,300",1,‎Leatherman,‎B010GO5CIO
Budh Overnighter Bag,3.0 out of 5 stars,"5,950",1,‎SamruddhiEnterprises,‎B07S3L7M2G
"WALKENT Laptop Bags - Anti-Theft, Expandable, Waterproof, External USB for Men Women from Arctic Hunter",4.3 out of 5 stars,"2,790",44,"‎Walkent(OEMGuangzhouLeadingWolfLeatherProductsCo.Ltd),walkentstore@gmail.com,Ph",‎B09DL7RP2J
Harissons Bags Nemesis 15.6 inch Office Laptop Backpacks for Men and Women,3.9 out of 5 stars,"1,169",80,‎B09D3Y15FH
Baggit Women Satchel Handbag (GREY),4.3 out of 5 stars,"1,150",417,"‎BaggitIndiaPvtLtd.,BaggitIndiaPvtLtd.",‎B098TKJG1L
"Harissons Bags Delta 39 L Polyester Black 15.6"" inch Laptop Backpack | Office, College, Travel Bag (Black, Orange)",4.3 out of 5 stars,"2,071","1,237",‎B07PBKQXCZ
"ZAmaizoom 30 Ltrs Waterproof Laptop Bag for Men Women Boys Girls/Office School College Teens , Students with Free RAIN Cover",3.8 out of 5 stars,649,917,‎JackAndJill,‎B08Y8JSKRQ
Half Moon Large 37L Laptop Bag Backpack for menं Women Boys and Girls Luggage Travel Bags with 17.3 inches Laptop Compartment & Rain Cover,3.9 out of 5 stars,999,580,‎AmazingBags,‎B09RKQD8V8
Hidesign,3.2 out of 5 stars,"8,545",13,"‎Hidesign,HidesignIndiaPvtLtd,RSNo-40/2,40/3,SedarapetRoad,ThondamanathamVillage,VillianurCommune,Pondicherry-605502",‎B07WKNGR3D
HP Lightweight backpack Variation,4.2 out of 5 stars,"1,113",624,"‎KorrunIndiaPvt.Ltd.,KorrunIndiaPvt.Ltd.",‎B08CY1YXCK
Lavie Women's Malnov Tote Bag | Ladies Purse Handbag,4.2 out of 5 stars,"1,242","1,021","‎Lavie,BagzoneLifestylePvtLtd||LAVIE402,AckrutiStar,MIDCCentralRoad,AndheriEast,Mumbai–400093",‎B07PJBJPV9
"WALKENT Laptop Bag - Anti-Theft, Waterproof, Expandable, External USB for Men Women by Arctic Hunter",4.1 out of 5 stars,"1,690",138,"‎Walkent(OEMGuangzhouLeadingWolfLeatherProductsCo.Ltd),walkentstore@gmail.com|8001655655",‎B09BVR6NP6
Half Moon Large 37L Laptop Bag Backpack for menं Women Boys and Girls Luggage Travel Bags with 17.3 inches Laptop Compartment & Rain Cover,3.9 out of 5 stars,999,580,‎AmazingBags,‎B09RKQD8V8
"OLSKOO Multi Zipper 15.6"" Laptop Bag/Backpack for Men Women Boys Girls/Office School College Teens & Students 45L (Black)",4.4 out of 5 stars,529,6,‎B08JLWDN2D
"Veneer Laptop Bag 15.6 Inch, Business Briefcase for Men Women, 15inch Water Resistant Messenger Shoulder Bag with Strap, Durable Office Bag, for Computer/Notebook/MacBook,Black (Grey)",4.3 out of 5 stars,989,"2,095",‎THEHUTCHENTERPRISES,‎B08Z619V6Z
Storite Large Canvas Sling Cross Body Travel Office Business Satchel Messenger One Side Shoulder Bag for Men & Women-(33cm x 6.5cm x 27cm),4.2 out of 5 stars,699,462,‎SaiTechITPvtLtd,‎B099Z8GBFR
Blue Tree Cute Kids Backpack Toddler Bag Plush Animal Cartoon Mini Travel Bag for Baby Girl Boy 1-6 Years (Smiling-Tiger),4.2 out of 5 stars,265,25
Mokobara The Transit Backpack Laptop Bag for Men and Women,4.4 out of 5 stars,"5,390",97,"‎DesignedByMokobaraLifestylePrivateLimited,Bangalore.",‎B09V7G6CTW
Blue Tree Cute Kids Backpack Toddler Bag Plush Animal Cartoon Mini Travel Bag for Baby Girl Boy 1-6 Years (New Butterfly),3.6 out of 5 stars,265,74
BAGELLO Bags Laptop Bag for Men with Mobile Charging USB Port Waterproof Anti Theft Backpack for Office College Travelling or Business Purpose (Black),3.1 out of 5 stars,540,77,‎B09MS69RLT
"WALKENT Laptop Bag - Anti-Theft, Waterproof, Expandable, External USB for Men Women by Arctic Hunter",4.1 out of 5 stars,"1,290",138,‎Walkent(OEMGuangzhouLeadingWolfLeatherProductsCo.Ltd),‎B09DLD27WS
Half Moon 45L Hammer Waterproof Laptop Travelling Rucksack Trekking Backpack for Travel Journey bags for Men Women Boys & Girls with 17.3inch Laptop Compartment & Rain cover,4.3 out of 5 stars,"1,499",350,‎ABAmazingBags,‎B08PSX1LN9
Mahi Enterprise� Backpacks for Men Women|College Bags|Office Laptop Bagpacks| Trendy Light Weight Backpack Water Resistance|,1.0 out of 5 stars,799,1,‎MahiEnterprise®,‎B09BZJRCTQ
COSMUS Sedna Dx Polyester 17 LTR Red Casual Laptop Backpack,4.2 out of 5 stars,"1,080",234,"‎Cosmus,B-42,2ndFloor,AjayMittalIndustrialEstateAndheriKurlaRoad,Marol,Andheri(E)Mumbai,Maharashtra,India–400059Mobile",‎B079R8P982
"OLSKOO Multi Zipper 15.6"" Laptop Bag/Backpack for Men Women Boys Girls/Office School College Teens & Students 45L (Black)",4.4 out of 5 stars,529,6,‎B08JLWDN2D
Blue Tree Cute Kids Backpack Toddler Bag Plush Animal Cartoon Mini Travel Bag for Baby Girl Boy 1-6 Years (New Butterfly),3.6 out of 5 stars,265,74
Mokobara The Transit Backpack Laptop Bag for Men and Women,4.4 out of 5 stars,"5,390",97,"‎DesignedByMokobaraLifestylePrivateLimited,Bangalore.",‎B09V7G6CTW
"WALKENT Laptop Bag - Anti-Theft, Waterproof, Expandable, External USB for Men Women by Arctic Hunter",4.1 out of 5 stars,"1,290",138,‎Walkent(OEMGuangzhouLeadingWolfLeatherProductsCo.Ltd),‎B09DLD27WS
Blue Tree Kid's School Bagpack 3-5 Years 11 litres Cartoons Soft Toy Bag Gift for Kids (Spider red)),4.0 out of 5 stars,265,797
"AH Arctic Hunter Slim Laptop Backpack Fit 15.6 inch Business Travel Computer Bag with Luggage Strap, Water Resistant Bag for Men & Woman (Black)",4.4 out of 5 stars,"1,999",152
Zipline Office Laptop Vegan Leather Executive Formal 15.6 inch Laptop & MacBook Briefcase Messenger/Office/Travel/Business Bag for Men Women with Multiple compartments (Brown),4.3 out of 5 stars,"1,503",807,"‎AtulituAgency,,251/3364,TagoreNagar-1,VikhroliEast,Mumbai-400083(9820078070)",‎B0756WRR9Z
BAGELLO Bags Laptop Bag for Men with Mobile Charging USB Port Waterproof Anti Theft Backpack for Office College Travelling or Business Purpose (Black),3.1 out of 5 stars,540,77,‎B09MS69RLT
EUME Urban Active 31L Water Resistant Bag/Backpack for Laptop/MacBook up to 15.6 inches for Office/Travel/College for Men and Women with 3 compartments (Black),3.7 out of 5 stars,"1,187",38,"‎EUME,B-1NandkishoreIndustrialEstateoff,MahakaliCavesRoad,AndheriEast,Mumbai-400093,B-2NandkishoreInd.Estateoff,MahakaliCavesRoad,AndheriEastMumbai-400093,CustomerCareNo-9321366003",‎B08KSHS77F
GreenLands By SG ZIGGY Polyester Backpack,3.9 out of 5 stars,"1,755",12,"‎SG,SanspareilsGreenlandsPvt.Ltd.1250,GagolRoadOpp.Airport.,Meerut,250103,Contact-1800180123,Customersupport@teamsg.in",‎B08ML8ZPL1
"BeyBee Baby Diaper Nappy Changing Baby Diaper Bag/Baby Bag/Mummy Bag/Handbag Mama's Bag {Diaper Bag} (Dark Blue, One Size)",4.4 out of 5 stars,640,757
Blue Tree Cute Kids Backpack Toddler Bag Plush Animal Cartoon Mini Travel Bag for Baby Girl Boy 1-6 Years.,3.8 out of 5 stars,269,261,"‎VancouverStore,Blackhilllstore@gmail.com",‎B089WFYJPX
Numbiz 15 Inch Light Weight Durable Zippers Padded Back Straps With Anti-Sweat Fabirc Backpack For Laptop & Utility Bag,4.6 out of 5 stars,549,7,‎NumbizInternational,‎B09SZHBSQ3
"Touristiano Water Resistant College School Book Bag Laptop Computer, Travel Backpacks Laptop Bag for Women Men (Grey) (Navy Blue)",3.1 out of 5 stars,719,578,‎Touristiano,‎B08W2C3QKM
"Bennett™ Mystic 15.6 inch(39cm) Laptop Shoulder Messenger Sling Office Bag, Water Repellent Fabric for Men and Women (Charcoal Black)",4.1 out of 5 stars,499,"2,694"
Trajectory Vegan Leather 15.6 Inch Laptop Messenger Office Bag with 10 years warranty and dual compartment in Brown used as shoulder & handbag For Men and Women,5.0 out of 5 stars,"1,199",2,"‎TrajectoryMarketingLLP,TrajectoryMarketingLLP,Delhi",‎B0B2F5JYLR
"My Fav Printed Traveling, School, College Laptop Bags Backpack Unisex - 35 Litre",5.0 out of 5 stars,900,3,"‎MangalTradingCo.,India",‎B08CSW6M8N
DZert Kids School Bag Soft Plush Backpacks Cartoon Boys Girls Baby (2-5 Years),3.7 out of 5 stars,239,"8,683","‎RushiEnterprise,RushiEnterprise,GujaratAmreli(INDIA)-365601Mo-7016045876",‎B08M6H677Y
Cosmus Osaka 15.6 Inch Laptop Backpack,4.2 out of 5 stars,"1,397",675,‎B07KP74NDS
Tierra Classic Faux Leather 14 Cms Dark Brown Laptop Backpack .,5.0 out of 5 stars,649,1,"‎CREATIVEIMPRESSION,87A/1topsiaroadkolkata39",‎B08DM41LHQ
EUME Rider Stylish Durable 22 LTR Nylon Fabric Casual Water Resistant Laptop Backpack (Green),3.6 out of 5 stars,"1,108",69,"‎EUME,EUME,B-2NandkishoreInd.Estateoff,MahakaliCavesRoad,AndheriEastMumbai-400093",‎B07VD4MRSQ
Blue Tree Cute Kids Backpack Toddler Bag Plush Animal Cartoon Mini Travel Bag for Baby Girl Boy 1-6 Years.,3.8 out of 5 stars,269,261,"‎VancouverStore,Blackhilllstore@gmail.com",‎B089WFYJPX
Numbiz 15 Inch Light Weight Durable Zippers Padded Back Straps With Anti-Sweat Fabirc Backpack For Laptop & Utility Bag,4.6 out of 5 stars,549,7,‎NumbizInternational,‎B09SZHBSQ3
"Touristiano Water Resistant College School Book Bag Laptop Computer, Travel Backpacks Laptop Bag for Women Men (Grey) (Navy Blue)",3.1 out of 5 stars,719,578,‎Touristiano,‎B08W2C3QKM
"Bennett™ Mystic 15.6 inch(39cm) Laptop Shoulder Messenger Sling Office Bag, Water Repellent Fabric for Men and Women (Charcoal Black)",4.1 out of 5 stars,499,"2,695"
"My Fav Printed Traveling, School, College Laptop Bags Backpack Unisex - 35 Litre",5.0 out of 5 stars,900,3,"‎MangalTradingCo.,India",‎B08CSW6M8N
"ASUS ROG BP4701 43.18 cm Gaming Backpack (Black), with Holographic Cybertext Printing, Roll Up Design, Suitable for up to 43.18 cm Laptop",4.6 out of 5 stars,"2,495",86
Trajectory Vegan Leather 15.6 Inch Laptop Messenger Office Bag with 10 years warranty and dual compartment in Brown used as shoulder & handbag For Men and Women,5.0 out of 5 stars,"1,199",2,"‎TrajectoryMarketingLLP,TrajectoryMarketingLLP,Delhi",‎B0B2F5JYLR
Shanvi Handicraft New Himalayan Hemp Laptop Bag Backpack/School & Traveler Bag,5.0 out of 5 stars,997,2,‎Shanvihandicraft,‎B09PLDJC36
"WALKENT Laptop Bag - Anti-Theft, Waterproof, Expandable, External USB for Men Women by Arctic Hunter",4.1 out of 5 stars,"1,690",138,"‎Walkent(OEMGuangzhouLeadingWolfLeatherProductsCo.Ltd),walkentstore@gmail.com|8001655655",‎B09BZLV79D
Wooum 15.6 inch Laptop Backpack Fashion Rucksack Casual Student School Bag Computer Bag College Bag Office Backpack Business Bag Unisex Travel Backpack,4.3 out of 5 stars,449,222,‎Wooum,‎B08R8V1VSR
Multipurpose Backpack Bag - Cosmus Madison 33L waterproof Bag With laptop compartment,4.2 out of 5 stars,"1,495","2,024",‎Cosmus,‎B078JXC2L4
Envias Leatherette Side Sling Bags For Women's Ladies (Blue_EVS-111),3.4 out of 5 stars,349,"3,995","‎RetailGrapple,RetailGrapple,NewDelhi",‎B08GSPJH7H
DZert Kids School Bag Soft Plush Backpacks Cartoon Boys Girls Baby (2-5 Years),3.7 out of 5 stars,239,"8,683","‎RushiEnterprise,RushiEnterprise,GujaratAmreli(INDIA)-365601Mo-7016045876",‎B08M6H677Y
"PARADOX - Laptop Bag Unisex 15.6 inch | Backpack for Office, School, College",3.6 out of 5 stars,949,17,‎B08PQH6N7N
Pagwin 15.6 inch 25 L Casual Waterproof Laptop Backpack/Office Bag/School Bag/College Bag/Business Bag/Unisex Travel Backpack (PG-0025),3.3 out of 5 stars,549,48,‎PAGWINSTORE,‎B09VZC6C8W
"Dyazo Unisex Sleek Light Laptop Notebook Shoulder Briefcase Bag for 11 Inch to 15.6 Inches Laptops Compatible for MacBook, Ultrabook, Dell, Lenovo, Compaq, Hp Computers and Other Laptops (Blue)",3.8 out of 5 stars,779,476
"BeyBee Baby Diaper Nappy Changing Baby Diaper Bag/Baby Bag/Mummy Bag/Handbag Mama's Bag {Diaper Bag} (Dark Blue, One Size)",4.4 out of 5 stars,640,757
"uppercase Medium 14L Laptop Backpack 2100EBP1 Roll Top Office - College 3x more water repellent sustainable bags with rain proof zippers for Men, Women, Boys and Girls, 750 Days warranty",4.7 out of 5 stars,"1,400",23,"‎AcefourAccessoriesPvt.Ltd.,AcefourAccessoriesPvt.Ltd.,LodhaSupremusCorp.Tower,Unit1202,12thFloor,SakiViharroad,Chandivali,TungaVillage,Opp.MTNLoffice,AndheriE,Mumbai-400072,Maharashtra,India",‎B0B5NBLGBQ
"Okami Wolf GoPack Anti-Theft Laptop Backpack with USB Fast Charging, Black",4.5 out of 5 stars,"3,149",585
EUME Alexis 28 LTR Laptop Backpack for 17 inch Laptop - Blue Series,4.4 out of 5 stars,"2,286",129,"‎Eume,EUME,B-2NandkishoreInd.Estateoff,MahakaliCavesRoad,AndheriEastMumbai-400093",‎B07JQ21Z5T
"POLICE Iconic 15"" Briefcase-Black Stylishly Laptop Briefcase Bags for Men Women Designed for Office and Casual Wear (PT2752490_4-1)",4.3 out of 5 stars,"2,299",60,"‎ToreroCorporationPvt.Ltd,S22,EKTPPhase3,KasbaIndustrialEstate,SectorG,EastKolkataTwp,Kolkata,WestBengal700107,Email-customercare@torerocorp.com",‎B082XY1XPC
"WALKENT Laptop Bag - Anti-Theft, Waterproof, Expandable, External USB for Men Women by Arctic Hunter",4.1 out of 5 stars,"1,690",138,"‎Walkent(OEMGuangzhouLeadingWolfLeatherProductsCo.Ltd),walkentstore@gmail.com|8001655655",‎B09BVR6NP6
Lenovo Casual Laptop Backpack B210 39.62 cm (15.6) -inch Water Repellent Grey,4.2 out of 5 stars,929,"43,876"
"Grazia Laptop Bag for All Size (Black, 15.6 Inch)",3.1 out of 5 stars,495,65,‎Grazia,‎B08SMKF3WP
SAFARI 46 cms Turquoise Blue Laptop/Casual/School/College Backpack (WANDERER19CBTBU),4.2 out of 5 stars,"1,149",224,‎Safari,‎B07Q321QDM
ADISA women girls embroided sling bag,4.3 out of 5 stars,495,"1,186","‎ADISA,careadisa@gmail.com",‎B08RWSN66R
"Funk For Hire Leatherette Printed 2 in 1 Backpack Shoulder Bag Handbag fit up to 15.6"" Laptop",4.5 out of 5 stars,"2,180",86,‎FunkForHire,‎B08XJW8M18
CONTACTS Genuine Leather Messenger Bag | Crossbody Bag | Sling Bag for Men and Women,4.0 out of 5 stars,"1,644",841,"‎RECREATEENGINEERINGPRODUCTSPVTLTD.,83A,CHOWRINGHEEROAD,KOLKATA-700020.,MOB-9073908504,RECREATEENGINEERINGPRODUCTSPVTLTD.,83A,CHOWRINGHEEROAD,KOLKATA-700020.,MOB-9073908504",‎B082SV8K43
Cosmus Sun 38 Liters Indigo+P Green Water Resistant School/College Backpack,4.3 out of 5 stars,"1,931",2,‎B07XY7BRFJ
Killer Holden 2 compartment stylish designer Laptop Backpack,4.2 out of 5 stars,"2,535",481,‎B07DGT86QF
Szeentp DEEMOM Polyester 15 L Blue School Bag with Laptop Compartment (Black),3.8 out of 5 stars,370,82
Wildcraft 35 Ltrs Black and Mel Backpack (WC 5 Dare),4.5 out of 5 stars,"1,694","1,362",‎Wildcraft,‎B06XD713N9
Storite Women's Lightweight Foldable Rexine Travel Handbag Storage Carrying Bag (50 x 20x 38 cm) Off White,4.0 out of 5 stars,499,859,‎SaiTechITPrivateLimited,‎B07GB9PKXB
"AirCase Laptop Bag Backpack Case Pouch for 13-Inch, 14-Inch, 15.6-InchLaptop Backpack for Men & Women,(Blue)",4.0 out of 5 stars,"1,770",19
ASTIR COLLEEN Women's Sling Bag,4.1 out of 5 stars,297,920,"‎MakerStuffIndiaPrivateLimited,Gurgaon,Haryana",‎B08KZC1NNH
Japsbag Office Laptop Backpack for Men and Women |Casual bagack | School and College Bags in| 34 Litrs | Black | 3001,4.1 out of 5 stars,719,885,"‎Japsbag,Japsbag",‎B082853V5S
"POLESTAR Radiance 32 L Casual/ School/ Day Backpack with 15.6"" laptop compartment, suitable for boys, girls & kids, stylish & durable, 1 year warranty",4.3 out of 5 stars,829,24,‎B09XTPH74D
Blue Tree 32L Durable Waterproof Laptop Backpack/Travelling Backpack for Men & Women School and College Students Lightweight Bag in 18 inches,4.1 out of 5 stars,599,71,"‎VancouverStore,Vancouver.store013@ggmail.com",‎B08SFJT729
GreenLands By SG ZIGGY Polyester Backpack,3.9 out of 5 stars,"1,755",12,"‎SG,SanspareilsGreenlandsPvt.Ltd.1250,GagolRoadOpp.Airport.,Meerut,250103,Contact-1800180123,Customersupport@teamsg.in",‎B08MKTFXP7
"Storite PU Leather 14 inch Laptop Messenger Organizer Bag/Shoulder Sling Office Bag for Men & Women – (37x 27x7 cm,Light Brown)",4.0 out of 5 stars,999,"1,374"
Multipurpose Backpack Bag - Cosmus Madison Royal Blue 33L Waterproof Bag with Laptop Compartment + Rain Cover with Pouch,5.0 out of 5 stars,"1,595",1,‎Cosmus,‎B07NPL6V8S
Budh Premium Vegan Laptop Bag,5.0 out of 5 stars,"4,350",1,‎SamruddhiEnterprises,‎B07S2KQKX7
"Pigeon Breast Milk Storage Bag,Secure Seal & easy Storage,Hygienic Breast Milk Storage,Leak Proof,Zipper Zeal Breast Milk Storage,5 pcs",4.3 out of 5 stars,131.,392
EUME Urban Active 31L Water Resistant Bag/Backpack for Laptop/MacBook up to 15.6 inches for Office/Travel/College for Men and Women with 3 compartments (Grey),3.7 out of 5 stars,"1,187",38,"‎EUME,B-1NandkishoreIndustrialEstateoff,MahakaliCavesRoad,AndheriEast,Mumbai-400093,B-2NandkishoreInd.Estateoff,MahakaliCavesRoad,AndheriEastMumbai-400093,CustomerCareNo-9321366003",‎B08KSGNQ84
"FATMUG Laptop Bag For Men - Convertible Backpack For Office And Travel (Dark Grey ,Oxford Fabric)",4.4 out of 5 stars,"1,499","1,046"
